itemDesc,itemQty,itemPrice,itemSaved,itemImg,orderId
Fresho Lettuce - Romaine 100 to 150 g ,1.0,₹27,₹9.99,"https://www.bigbasket.com/media/uploads/p/l/40016096_2-fresho-lettuce-romaine.jpg?tr=w-256,q=80",1348947148
Fresho Carrot - Red 500 g ,1.29,₹24.99,₹9.25,"https://www.bigbasket.com/media/uploads/p/l/10000382_10-fresho-carrot-red.jpg?tr=w-256,q=80",1348947148
Fresho Cabbage 1 pc  (approx. 500 g to 800 g),1.0,₹21,₹7.77,"data:image/gif;base64,R0lGODlhAQABAIAAAAAAAP///yH5BAEAAAAALAAAAAABAAEAAAIBRAA7",1348947148
Fresho Cucumber 500 g ,1.19,₹26.78,₹25.39,"data:image/gif;base64,R0lGODlhAQABAIAAAAAAAP///yH5BAEAAAAALAAAAAABAAEAAAIBRAA7",1348947148
McCain Veggie Burger Patty 360 g Pouch,1.0,₹135,0,"data:image/gif;base64,R0lGODlhAQABAIAAAAAAAP///yH5BAEAAAAALAAAAAABAAEAAAIBRAA7",1348947148
Godrej Yummiez Yummiez Crispy Veggie Burger Patty 400 g Pouch Pack,1.0,₹159,0,"data:image/gif;base64,R0lGODlhAQABAIAAAAAAAP///yH5BAEAAAAALAAAAAABAAEAAAIBRAA7",1348947148
"Fresho EGG- 10 Farm Fresh - No antibiotics,hormone, steroids - All Natural 10 pcs ",1.0,₹92,₹108,"data:image/gif;base64,R0lGODlhAQABAIAAAAAAAP///yH5BAEAAAAALAAAAAABAAEAAAIBRAA7",1348947148
English Oven Burger Bun 300 g Pouch,1.0,₹50,0,"data:image/gif;base64,R0lGODlhAQABAIAAAAAAAP///yH5BAEAAAAALAAAAAABAAEAAAIBRAA7",1348947148
Ching's Secret Manchow Instant Soup 15 g Pouch,1.0,₹10,0,"https://www.bigbasket.com/media/uploads/p/l/40019452_5-chings-secret-manchow-instant-soup.jpg?tr=w-256,q=80",1350181430
"Fresho Farm Eggs - Table Tray, Medium, Antibiotic Residue-Free 30 pcs ",1.0,₹265,₹225,"https://www.bigbasket.com/media/uploads/p/l/150502_6-fresho-farm-eggs-table-tray-medium-antibiotic-residue-free.jpg?tr=w-256,q=80",1350181430
IndiSecrets Organic Tea - Tulsi &amp; Ginger 36 g  (20 Bags x 1.8 g each),1.0,₹139,₹60,"data:image/gif;base64,R0lGODlhAQABAIAAAAAAAP///yH5BAEAAAAALAAAAAABAAEAAAIBRAA7",1350181430
BB Royal Jaggery Kolhapuri - Bucket 900 g ,1.0,₹93,₹19,"data:image/gif;base64,R0lGODlhAQABAIAAAAAAAP///yH5BAEAAAAALAAAAAABAAEAAAIBRAA7",1350181430
Lion Dates - Deseeded 500 g Cup,1.0,₹156,0,"data:image/gif;base64,R0lGODlhAQABAIAAAAAAAP///yH5BAEAAAAALAAAAAABAAEAAAIBRAA7",1350181430
Fresho Tomato - Hybrid 1 kg ,1.01,₹68.68,₹57.57,"https://www.bigbasket.com/media/uploads/p/l/10000200_18-fresho-tomato-hybrid.jpg?tr=w-256,q=80",1351137729
Fresho Onion 1 kg ,1.0,₹71.54,₹26.46,"https://www.bigbasket.com/media/uploads/p/l/10000148_32-fresho-onion.jpg?tr=w-256,q=80",1351137729
"Only Earth Plant Based Oats Original Drink - Unsweetened, Lactose Free 200 ml ",1.0,₹0,₹75,"data:image/gif;base64,R0lGODlhAQABAIAAAAAAAP///yH5BAEAAAAALAAAAAABAAEAAAIBRAA7",1351137729
BB Royal Organic - Black Pepper Powder 100 g ,1.0,₹126,₹34,"data:image/gif;base64,R0lGODlhAQABAIAAAAAAAP///yH5BAEAAAAALAAAAAABAAEAAAIBRAA7",1351137729
Fresho Premium Banana - Robusta 1 kg ,1.01,₹72.26,₹26.72,"https://www.bigbasket.com/media/uploads/p/l/10000025_27-fresho-banana-robusta.jpg?tr=w-256,q=80",1352376772
Fresho Bottle Gourd 1 pc  (Approx. 500 g - 800 g),1.0,₹46.72,₹17.28,"https://www.bigbasket.com/media/uploads/p/l/20000745_5-fresho-bottle-gourd.jpg?tr=w-256,q=80",1352376772
Tasties Tasty Peanuts - Spice Coated 150 g ,1.0,₹37,₹12,"data:image/gif;base64,R0lGODlhAQABAIAAAAAAAP///yH5BAEAAAAALAAAAAABAAEAAAIBRAA7",1352376772
Aashirvaad Shudh Chakki Atta 10 kg ,1.0,₹408.9,₹40.1,"data:image/gif;base64,R0lGODlhAQABAIAAAAAAAP///yH5BAEAAAAALAAAAAABAAEAAAIBRAA7",1352376772
BB Royal Dry Ginger Powder 100 g ,1.0,₹43,₹37,"data:image/gif;base64,R0lGODlhAQABAIAAAAAAAP///yH5BAEAAAAALAAAAAABAAEAAAIBRAA7",1352376772
Fresho Tomato - Local 1 kg ,1.04,₹23.92,₹19.76,"https://www.bigbasket.com/media/uploads/p/l/10000203_16-fresho-tomato-local.jpg?tr=w-256,q=80",1364555199
"Fresho Chilli - Green, Organically Grown 100 g ",1.14,₹10.82,₹4,"https://www.bigbasket.com/media/uploads/p/l/50000511_8-fresho-chilli-green-organically-grown.jpg?tr=w-256,q=80",1364555199
Fresho Bottle Gourd 1 pc  (Approx. 500 g - 800 g),1.0,₹60.59,₹22.41,"data:image/gif;base64,R0lGODlhAQABAIAAAAAAAP///yH5BAEAAAAALAAAAAABAAEAAAIBRAA7",1364555199
Fresho Beetroot - Organically Grown 250 g ,1.23,₹17.96,₹6.64,"data:image/gif;base64,R0lGODlhAQABAIAAAAAAAP///yH5BAEAAAAALAAAAAABAAEAAAIBRAA7",1364555199
Fresho Cucumber 500 g ,1.2,₹27,₹12.6,"data:image/gif;base64,R0lGODlhAQABAIAAAAAAAP///yH5BAEAAAAALAAAAAABAAEAAAIBRAA7",1364555199
"Venkys Burger Patty - Chicken, Jumbo 450 g Pouch",1.0,₹275,0,"data:image/gif;base64,R0lGODlhAQABAIAAAAAAAP///yH5BAEAAAAALAAAAAABAAEAAAIBRAA7",1364555199
Mother Dairy Classic Dahi 80 g Cup,2.0,₹20,0,"data:image/gif;base64,R0lGODlhAQABAIAAAAAAAP///yH5BAEAAAAALAAAAAABAAEAAAIBRAA7",1364555199
Epigamia  Fruit Yogurt - Strawberry 75 g Cup,1.0,₹35,0,"data:image/gif;base64,R0lGODlhAQABAIAAAAAAAP///yH5BAEAAAAALAAAAAABAAEAAAIBRAA7",1364555199
Epigamia  Fruit Yogurt - Alphonso Mango 75 g Cup,1.0,₹35,0,"data:image/gif;base64,R0lGODlhAQABAIAAAAAAAP///yH5BAEAAAAALAAAAAABAAEAAAIBRAA7",1364555199
Yakult Probiotic Fermented Health Drink 65 ml Pouch (Pack of 5),2.0,₹160,0,"data:image/gif;base64,R0lGODlhAQABAIAAAAAAAP///yH5BAEAAAAALAAAAAABAAEAAAIBRAA7",1364555199
Fresho Green Peas 1 kg ,0.92,₹27.6,₹16.56,"https://www.bigbasket.com/media/uploads/p/l/10000284_11-fresho-green-peas.jpg?tr=w-256,q=80",1365385043
Fresho Mustard Leaves (Sarso Saag) 250 g ,1.04,₹18.98,₹7.02,"https://www.bigbasket.com/media/uploads/p/l/40052405_3-fresho-mustard-leaves-sarso-saag.jpg?tr=w-256,q=80",1365385043
"Fresho Methi/Venthaya Keerai - Cleaned, without roots 250 g ",1.06,₹19.35,₹7.16,"data:image/gif;base64,R0lGODlhAQABAIAAAAAAAP///yH5BAEAAAAALAAAAAABAAEAAAIBRAA7",1365385043
Fresho Potato - Fresh Crop 1 kg ,1.0,₹20.44,₹7.56,"data:image/gif;base64,R0lGODlhAQABAIAAAAAAAP///yH5BAEAAAAALAAAAAABAAEAAAIBRAA7",1365385043
Fresho Frozen Green Peas 1 Kg Slider Zip Standy Pouch,1.0,₹179,₹61,"data:image/gif;base64,R0lGODlhAQABAIAAAAAAAP///yH5BAEAAAAALAAAAAABAAEAAAIBRAA7",1365385043
Nestle  Kitkat Coated Wafer Bar - Share Bag 138.6 g  (9 pcs x 15.4 g Each),1.0,₹120,0,"data:image/gif;base64,R0lGODlhAQABAIAAAAAAAP///yH5BAEAAAAALAAAAAABAAEAAAIBRAA7",1365385043
Cadbury Oreo Vanilla Flavour Cream Sandwich Biscuit 918.75 g  (7 Packs x 131.25 g Each),1.0,₹240,₹60,"data:image/gif;base64,R0lGODlhAQABAIAAAAAAAP///yH5BAEAAAAALAAAAAABAAEAAAIBRAA7",1365385043
English Oven Burger Bun 300 g Pouch,1.0,₹50,0,"data:image/gif;base64,R0lGODlhAQABAIAAAAAAAP///yH5BAEAAAAALAAAAAABAAEAAAIBRAA7",1365385043
Fresho Tomato - Local 1 kg ,1.01,₹31.31,₹11.58,"https://www.bigbasket.com/media/uploads/p/l/10000203_16-fresho-tomato-local.jpg?tr=w-256,q=80",1368701763
Fresho Broccoli 1 pc  (Approx. 250g-500g),1.0,₹31.39,₹11.61,"https://www.bigbasket.com/media/uploads/p/l/10000063_20-fresho-broccoli.jpg?tr=w-256,q=80",1368701763
Fresho Garlic 250 g ,1.11,₹104.53,₹38.66,"data:image/gif;base64,R0lGODlhAQABAIAAAAAAAP///yH5BAEAAAAALAAAAAABAAEAAAIBRAA7",1368701763
Fresho Ginger 250 g ,1.03,₹45.32,₹23.69,"data:image/gif;base64,R0lGODlhAQABAIAAAAAAAP///yH5BAEAAAAALAAAAAABAAEAAAIBRAA7",1368701763
Fresho Potato - Fresh Crop 2 kg ,1.0,₹39.42,₹14.58,"data:image/gif;base64,R0lGODlhAQABAIAAAAAAAP///yH5BAEAAAAALAAAAAABAAEAAAIBRAA7",1368701763
Cadbury Oreo Vanilla Flavour Cream Sandwich Biscuit 918.75 g  (7 Packs x 131.25 g Each),1.0,₹210,₹90,"data:image/gif;base64,R0lGODlhAQABAIAAAAAAAP///yH5BAEAAAAALAAAAAABAAEAAAIBRAA7",1368701763
Mother Dairy Curd 400 g Pouch,1.0,₹34,0,"data:image/gif;base64,R0lGODlhAQABAIAAAAAAAP///yH5BAEAAAAALAAAAAABAAEAAAIBRAA7",1368701763
BB Popular Sugar 5 kg ,1.0,₹250,₹25,"data:image/gif;base64,R0lGODlhAQABAIAAAAAAAP///yH5BAEAAAAALAAAAAABAAEAAAIBRAA7",1368701763
Fortune  Soya Health Refined Soyabean Oil 1 L Pouch,1.0,₹116,₹22,"data:image/gif;base64,R0lGODlhAQABAIAAAAAAAP///yH5BAEAAAAALAAAAAABAAEAAAIBRAA7",1368701763
Fresho Fresho Pomegranate Regular 1 kg  (5-6 pcs per kg),1.25,₹145.09,₹53.66,"https://www.bigbasket.com/media/uploads/p/l/40120006_6-fresho-pomegranate-small.jpg?tr=w-256,q=80",1371898811
Fresho Carrot - Sliced 200 g ,1.0,₹41.61,₹15.39,"https://www.bigbasket.com/media/uploads/p/l/40005782_5-fresho-carrot-sliced.jpg?tr=w-256,q=80",1371898811
"Fresho Chilli - Green Long, Medium 100 g ",1.13,₹8.48,₹6.22,"data:image/gif;base64,R0lGODlhAQABAIAAAAAAAP///yH5BAEAAAAALAAAAAABAAEAAAIBRAA7",1371898811
Fresho Capsicum - Green 250 g ,0.98,₹19.6,₹8.82,"data:image/gif;base64,R0lGODlhAQABAIAAAAAAAP///yH5BAEAAAAALAAAAAABAAEAAAIBRAA7",1371898811
Cadbury Oreo Vanilla Flavour Cream Sandwich Biscuit 918.75 g  (7 Packs x 131.25 g Each),1.0,₹195,₹105,"data:image/gif;base64,R0lGODlhAQABAIAAAAAAAP///yH5BAEAAAAALAAAAAABAAEAAAIBRAA7",1371898811
BB Royal Organic - Raw Peanuts/Mungaphali 500 g ,1.0,₹101,₹35,"data:image/gif;base64,R0lGODlhAQABAIAAAAAAAP///yH5BAEAAAAALAAAAAABAAEAAAIBRAA7",1371898811
BB Royal Soya Chunks 1 kg ,1.0,₹120,₹100,"data:image/gif;base64,R0lGODlhAQABAIAAAAAAAP///yH5BAEAAAAALAAAAAABAAEAAAIBRAA7",1371898811
Fresho Tomato - Hybrid 1 kg ,1.02,₹39.78,₹19.38,"https://www.bigbasket.com/media/uploads/p/l/10000200_18-fresho-tomato-hybrid.jpg?tr=w-256,q=80",1372938188
Fresho Spring Onion 250 g ,1.04,₹22.02,₹8.14,"https://www.bigbasket.com/media/uploads/p/l/30000585_13-fresho-spring-onion.jpg?tr=w-256,q=80",1372938188
Fresho Sweet Potato 500 g ,1.21,₹54.76,₹20.26,"data:image/gif;base64,R0lGODlhAQABAIAAAAAAAP///yH5BAEAAAAALAAAAAABAAEAAAIBRAA7",1372938188
Fresho Onion 1 kg ,1.0,₹46,₹18,"data:image/gif;base64,R0lGODlhAQABAIAAAAAAAP///yH5BAEAAAAALAAAAAABAAEAAAIBRAA7",1372938188
Fresho Potato - Fresh Crop 1 kg ,1.0,₹20,₹8,"data:image/gif;base64,R0lGODlhAQABAIAAAAAAAP///yH5BAEAAAAALAAAAAABAAEAAAIBRAA7",1372938188
Fresho Bottle Gourd 1 pc  (Approx. 500 g - 800 g),1.0,₹42.5,₹21.5,"data:image/gif;base64,R0lGODlhAQABAIAAAAAAAP///yH5BAEAAAAALAAAAAABAAEAAAIBRAA7",1372938188
Mother Dairy Curd 1 kg Pouch,1.0,₹72,0,"data:image/gif;base64,R0lGODlhAQABAIAAAAAAAP///yH5BAEAAAAALAAAAAABAAEAAAIBRAA7",1372938188
Amul Malai Fresh Paneer 1 kg Pouch,1.0,₹415,0,"data:image/gif;base64,R0lGODlhAQABAIAAAAAAAP///yH5BAEAAAAALAAAAAABAAEAAAIBRAA7",1372938188
"Fresho Palak - Cleaned, without roots 500 g ",1.01,₹23.59,₹8.73,"https://www.bigbasket.com/media/uploads/p/l/10000188_12-fresho-palak-cleaned-without-roots.jpg?tr=w-256,q=80",1376784597
Fresho Cabbage 1 pc  (approx. 500 g to 800 g),1.0,₹17.52,₹6.48,"https://www.bigbasket.com/media/uploads/p/l/10000066_25-fresho-cabbage.jpg?tr=w-256,q=80",1376784597
Tasties Tasty Peanuts - Spice Coated 150 g ,1.0,₹37,₹12,"data:image/gif;base64,R0lGODlhAQABAIAAAAAAAP///yH5BAEAAAAALAAAAAABAAEAAAIBRAA7",1376784597
Fortune  Premium Kachi Ghani Pure Mustard Oil 1 L Pouch,1.0,₹126,₹29,"data:image/gif;base64,R0lGODlhAQABAIAAAAAAAP///yH5BAEAAAAALAAAAAABAAEAAAIBRAA7",1376784597
Aashirvaad Shudh Chakki Atta 10 kg ,1.0,₹405,₹44,"data:image/gif;base64,R0lGODlhAQABAIAAAAAAAP///yH5BAEAAAAALAAAAAABAAEAAAIBRAA7",1376784597
"Fresho Palak - Cleaned, without roots 500 g ",1.03,₹23.31,₹8.62,"https://www.bigbasket.com/media/uploads/p/l/10000188_12-fresho-palak-cleaned-without-roots.jpg?tr=w-256,q=80",1378716254
Fresho Bathua Saag 500 g ,1.0,₹37.23,₹13.77,"https://www.bigbasket.com/media/uploads/p/l/40068299_3-fresho-bathua-saag.jpg?tr=w-256,q=80",1378716254
Rajdhani Besan - Gram Flour 1 Kg ,1.0,₹98.94,₹46.06,"data:image/gif;base64,R0lGODlhAQABAIAAAAAAAP///yH5BAEAAAAALAAAAAABAAEAAAIBRAA7",1378716254
India Gate India Gate basmati-rice-mograbroken 5 kg Bag 5 kg Bag,1.0,₹374.87,₹55.13,"data:image/gif;base64,R0lGODlhAQABAIAAAAAAAP///yH5BAEAAAAALAAAAAABAAEAAAIBRAA7",1378716254
Fresho Tomato - Local 1 kg ,0.99,₹31.8,₹11.76,"https://www.bigbasket.com/media/uploads/p/l/10000203_16-fresho-tomato-local.jpg?tr=w-256,q=80",1381139839
Fresho Onion 1 kg ,1.0,₹40,₹21,"https://www.bigbasket.com/media/uploads/p/l/10000148_32-fresho-onion.jpg?tr=w-256,q=80",1381139839
"Fresho Palak - Cleaned, without roots 500 g ",2.09,₹61.03,₹22.57,"data:image/gif;base64,R0lGODlhAQABAIAAAAAAAP///yH5BAEAAAAALAAAAAABAAEAAAIBRAA7",1381139839
Fresho Mustard Leaves (Sarso Saag) 250 g ,1.97,₹34.51,₹12.77,"data:image/gif;base64,R0lGODlhAQABAIAAAAAAAP///yH5BAEAAAAALAAAAAABAAEAAAIBRAA7",1381139839
Fresho Cabbage 1 pc  (approx. 500 g to 800 g),1.0,₹24.09,₹8.91,"data:image/gif;base64,R0lGODlhAQABAIAAAAAAAP///yH5BAEAAAAALAAAAAABAAEAAAIBRAA7",1381139839
Fresho Potato - Fresh Crop 1 kg ,2.0,₹39.42,₹14.58,"data:image/gif;base64,R0lGODlhAQABAIAAAAAAAP///yH5BAEAAAAALAAAAAABAAEAAAIBRAA7",1381139839
Yakult Probiotic Fermented Health Drink 65 ml Pouch (Pack of 5),1.0,₹90,0,"data:image/gif;base64,R0lGODlhAQABAIAAAAAAAP///yH5BAEAAAAALAAAAAABAAEAAAIBRAA7",1381139839
English Oven Burger Bun 300 g Pouch,1.0,₹50,0,"data:image/gif;base64,R0lGODlhAQABAIAAAAAAAP///yH5BAEAAAAALAAAAAABAAEAAAIBRAA7",1381139839
BB Popular Raw Peanut/Groundnut/Shengdana 1 kg Pouch,1.0,₹175,₹45,"data:image/gif;base64,R0lGODlhAQABAIAAAAAAAP///yH5BAEAAAAALAAAAAABAAEAAAIBRAA7",1381139839
BB Royal Jaggery Kolhapuri - Bucket 450 g ,1.0,₹56,₹16,"data:image/gif;base64,R0lGODlhAQABAIAAAAAAAP///yH5BAEAAAAALAAAAAABAAEAAAIBRAA7",1381139839
Fresho Ginger 250 g ,1.11,₹54.39,₹26.64,"https://www.bigbasket.com/media/uploads/p/l/10000118_18-fresho-ginger.jpg?tr=w-256,q=80",1383701540
"Venkys Burger Patty - Chicken, Jumbo 450 g Pouch",1.0,₹275,0,"data:image/gif;base64,R0lGODlhAQABAIAAAAAAAP///yH5BAEAAAAALAAAAAABAAEAAAIBRAA7",1383701540
Cadbury Oreo Vanilla Flavour Cream Sandwich Biscuit 918.75 g  (7 Packs x 131.25 g Each),1.0,₹210,₹90,"data:image/gif;base64,R0lGODlhAQABAIAAAAAAAP///yH5BAEAAAAALAAAAAABAAEAAAIBRAA7",1383701540
"Fresho Farm Eggs - Regular, Medium, Antibiotic Residue-Free 6 pcs ",1.0,₹58,₹32,"data:image/gif;base64,R0lGODlhAQABAIAAAAAAAP///yH5BAEAAAAALAAAAAABAAEAAAIBRAA7",1383701540
Amul Fresh Cream - 25% Milk Fat Low Fat 250 ml ,1.0,₹66,₹2,"data:image/gif;base64,R0lGODlhAQABAIAAAAAAAP///yH5BAEAAAAALAAAAAABAAEAAAIBRAA7",1383701540
Fresho Sponge Gourd 500 g ,0.0,₹0,0,"https://www.bigbasket.com/media/uploads/p/l/30000584_6-fresho-sponge-gourd.jpg?tr=w-256,q=80",1340912849
Fresho Parwal 1 kg ,0.0,₹0,0,"https://www.bigbasket.com/media/uploads/p/l/10000365_12-fresho-parwal.jpg?tr=w-256,q=80",1340912849
Fresho Bottle Gourd 1 pc  (Approx. 500 g - 800 g),1.0,₹12,₹28,"data:image/gif;base64,R0lGODlhAQABAIAAAAAAAP///yH5BAEAAAAALAAAAAABAAEAAAIBRAA7",1340912849
Fresho Bitter Gourd 500 g ,0.0,₹0,0,"data:image/gif;base64,R0lGODlhAQABAIAAAAAAAP///yH5BAEAAAAALAAAAAABAAEAAAIBRAA7",1340912849
Amul Dark Chocolate- 55% Rich In Cocoa 150 g Carton,1.0,₹110,0,"data:image/gif;base64,R0lGODlhAQABAIAAAAAAAP///yH5BAEAAAAALAAAAAABAAEAAAIBRAA7",1340912849
Bigbasket Diwali Brochure 10 g ,1.0,₹0,₹0.01,"data:image/gif;base64,R0lGODlhAQABAIAAAAAAAP///yH5BAEAAAAALAAAAAABAAEAAAIBRAA7",1340912849
India Gate India Gate basmati-rice-mograbroken 5 kg Bag 5 kg Bag,1.0,₹361.83,₹53.17,"data:image/gif;base64,R0lGODlhAQABAIAAAAAAAP///yH5BAEAAAAALAAAAAABAAEAAAIBRAA7",1340912849
Fresho Banana - Robusta 1 kg ,1.02,₹73.95,₹28.05,"https://www.bigbasket.com/media/uploads/p/l/10000025_27-fresho-banana-robusta.jpg?tr=w-256,q=80",1343300333
Fresho Cauliflower 1 pc  (approx. 400 to 600 g),1.0,₹11,₹17,"https://www.bigbasket.com/media/uploads/p/l/10000074_19-fresho-cauliflower.jpg?tr=w-256,q=80",1343300333
"Fresho Chilli - Green, Organically Grown 100 g ",1.15,₹10.35,₹4.6,"data:image/gif;base64,R0lGODlhAQABAIAAAAAAAP///yH5BAEAAAAALAAAAAABAAEAAAIBRAA7",1343300333
Fresho Lemon 250 g ,1.09,₹44.15,₹44.15,"data:image/gif;base64,R0lGODlhAQABAIAAAAAAAP///yH5BAEAAAAALAAAAAABAAEAAAIBRAA7",1343300333
Fresho Ginger 100 g ,1.03,₹21.05,₹7.79,"data:image/gif;base64,R0lGODlhAQABAIAAAAAAAP///yH5BAEAAAAALAAAAAABAAEAAAIBRAA7",1343300333
Eno  Fruit Salt - Lemon Flavor 5 g ,2.0,₹20,0,"data:image/gif;base64,R0lGODlhAQABAIAAAAAAAP///yH5BAEAAAAALAAAAAABAAEAAAIBRAA7",1343300333
HIT Mosquito &amp; Fly Killer Spray - Lime Fragrance 700 ml ,1.0,₹370.5,₹19.5,"data:image/gif;base64,R0lGODlhAQABAIAAAAAAAP///yH5BAEAAAAALAAAAAABAAEAAAIBRAA7",1343300333
Yakult Probiotic Fermented Health Drink 65 ml Pouch (Pack of 5),1.0,₹80,0,"data:image/gif;base64,R0lGODlhAQABAIAAAAAAAP///yH5BAEAAAAALAAAAAABAAEAAAIBRAA7",1343300333
"Fresho Methi/Venthaya Keerai - Cleaned, without roots 250 g ",2.16,₹26.81,₹9.91,"https://www.bigbasket.com/media/uploads/p/l/10000112_18-fresho-methiventhaya-keerai-cleaned-without-roots.jpg?tr=w-256,q=80",1344463451
Fresho Water Chestnut/Singhara 500 g ,2.0,₹56.94,₹21.06,"data:image/gif;base64,R0lGODlhAQABAIAAAAAAAP///yH5BAEAAAAALAAAAAABAAEAAAIBRAA7",1344463451
McCain Aloo Tikki - Mazedaar Masala 400 g Pouch,1.0,₹120,0,"data:image/gif;base64,R0lGODlhAQABAIAAAAAAAP///yH5BAEAAAAALAAAAAABAAEAAAIBRAA7",1344463451
Lizol Disinfectant Kitchen Power Cleaner Liquid Spray - Orange 450 ml ,1.0,₹131.12,₹17.88,"data:image/gif;base64,R0lGODlhAQABAIAAAAAAAP///yH5BAEAAAAALAAAAAABAAEAAAIBRAA7",1344463451
Sprite Soft Drink 300 ml Can,1.0,₹37,₹3,"data:image/gif;base64,R0lGODlhAQABAIAAAAAAAP///yH5BAEAAAAALAAAAAABAAEAAAIBRAA7",1344463451
Coca Cola Diet Coke Soft Drink 300 ml Can,1.0,₹40,0,"data:image/gif;base64,R0lGODlhAQABAIAAAAAAAP///yH5BAEAAAAALAAAAAABAAEAAAIBRAA7",1344463451
7 Up Soft Drink 250 ml Can,1.0,₹32,₹3,"data:image/gif;base64,R0lGODlhAQABAIAAAAAAAP///yH5BAEAAAAALAAAAAABAAEAAAIBRAA7",1344463451
Mountain Dew Soft Drink 250 ml Can,1.0,₹32,₹3,"data:image/gif;base64,R0lGODlhAQABAIAAAAAAAP///yH5BAEAAAAALAAAAAABAAEAAAIBRAA7",1344463451
Thums Up Soft Drink 300 ml Can,1.0,₹37,₹3,"data:image/gif;base64,R0lGODlhAQABAIAAAAAAAP///yH5BAEAAAAALAAAAAABAAEAAAIBRAA7",1344463451
Coca Cola Soft Drink 750 ml Pet Bottle,1.0,₹34,₹6,"data:image/gif;base64,R0lGODlhAQABAIAAAAAAAP///yH5BAEAAAAALAAAAAABAAEAAAIBRAA7",1344463451
Yakult Probiotic Fermented Health Drink 65 ml Pouch (Pack of 5),1.0,₹80,0,"data:image/gif;base64,R0lGODlhAQABAIAAAAAAAP///yH5BAEAAAAALAAAAAABAAEAAAIBRAA7",1344463451
Fresho Yam - Elephant Foot 500 g ,1.0,₹57.67,₹21.33,"https://www.bigbasket.com/media/uploads/p/l/10000378_11-fresho-yam-elephant-foot.jpg?tr=w-256,q=80",1338521892
Fresho Beetroot 500 g ,1.08,₹28.73,₹12.31,"https://www.bigbasket.com/media/uploads/p/l/10000046_17-fresho-beetroot.jpg?tr=w-256,q=80",1338521892
Fresho Carrot - Ooty 500 g ,1.03,₹46.87,₹20.09,"data:image/gif;base64,R0lGODlhAQABAIAAAAAAAP///yH5BAEAAAAALAAAAAABAAEAAAIBRAA7",1338521892
Fresho Radish - White 500 g ,1.07,₹25,₹9.24,"data:image/gif;base64,R0lGODlhAQABAIAAAAAAAP///yH5BAEAAAAALAAAAAABAAEAAAIBRAA7",1338521892
Gits Dessert Mix - Vermicelli Kheer 100 g ,1.0,₹67.5,₹7.5,"data:image/gif;base64,R0lGODlhAQABAIAAAAAAAP///yH5BAEAAAAALAAAAAABAAEAAAIBRAA7",1338521892
Gits Dessert Mix - Gulab Jamun 200 g Box,3.0,₹307.05,₹37.95,"data:image/gif;base64,R0lGODlhAQABAIAAAAAAAP///yH5BAEAAAAALAAAAAABAAEAAAIBRAA7",1338521892
"BB Home Tealight Candles - White, Upto 2.5 Hour Burning Time 25 pcs ",1.0,₹94.5,₹94.5,"data:image/gif;base64,R0lGODlhAQABAIAAAAAAAP///yH5BAEAAAAALAAAAAABAAEAAAIBRAA7",1338521892
Tota Rangoli Colours - For Floor Decoration 100 g Box (Pack of 10),1.0,₹149,₹101,"data:image/gif;base64,R0lGODlhAQABAIAAAAAAAP///yH5BAEAAAAALAAAAAABAAEAAAIBRAA7",1338521892
Yakult Probiotic Fermented Health Drink 65 ml Pouch (Pack of 5),1.0,₹80,0,"data:image/gif;base64,R0lGODlhAQABAIAAAAAAAP///yH5BAEAAAAALAAAAAABAAEAAAIBRAA7",1338521892
Amul Fresh Cream - 25% Milk Fat Low Fat 250 ml ,1.0,₹68,0,"data:image/gif;base64,R0lGODlhAQABAIAAAAAAAP///yH5BAEAAAAALAAAAAABAAEAAAIBRAA7",1338521892
Fresho Potato - Organically Grown 1 kg ,1.0,₹14.67,₹4.63,"https://www.bigbasket.com/media/uploads/p/l/40023476_5-fresho-potato-organically-grown.jpg?tr=w-256,q=80",1158947196
Real 100% Apple Juice - With No Added Sugar &amp; Preservatives 1 L ,1.0,₹126,₹19,"https://www.bigbasket.com/media/uploads/p/l/229945_10-real-activ-100-apple-juice.jpg?tr=w-256,q=80",1168656448
Fresho Onion - Organically Grown 1 kg ,1.02,₹26.81,₹8.47,"https://www.bigbasket.com/media/uploads/p/l/40023472_5-fresho-onion-organically-grown.jpg?tr=w-256,q=80",1174337261
Fresho Garlic 250 g ,1.09,₹40.88,₹29.3,"https://www.bigbasket.com/media/uploads/p/l/10000115_15-fresho-garlic.jpg?tr=w-256,q=80",1174337261
Fresho Ginger 250 g ,1.06,₹32.86,₹35.38,"data:image/gif;base64,R0lGODlhAQABAIAAAAAAAP///yH5BAEAAAAALAAAAAABAAEAAAIBRAA7",1174337261
Sensodyne PASTE SENSITIVITY GUM 14g ,1.0,₹0,₹20,"data:image/gif;base64,R0lGODlhAQABAIAAAAAAAP///yH5BAEAAAAALAAAAAABAAEAAAIBRAA7",1174337261
Nescafe  Classic 100% Pure Instant Coffee 45 g Pouch,1.0,₹148,₹12,"data:image/gif;base64,R0lGODlhAQABAIAAAAAAAP///yH5BAEAAAAALAAAAAABAAEAAAIBRAA7",1174337261
Dabur 100% Pure Honey - Sourced From Pristine Sources Like Himalayas &amp; Sunderbans 225 g Squeezy Pack (Buy 1 Get 1 Free),1.0,₹157.5,₹67.5,"https://www.bigbasket.com/media/uploads/p/l/40148709_10-dabur-100-pure-honey.jpg?tr=w-256,q=80",1186935168
Keya Penne Pasta 400 g Pouch,2.0,₹150,₹150,"https://www.bigbasket.com/media/uploads/p/l/40188537_5-keya-penne-pasta.jpg?tr=w-256,q=80",1186935168
India Gate India Gate basmati-ricea-mini-mogra-broken 5 kg 5 kg ,1.0,₹319,₹31,"data:image/gif;base64,R0lGODlhAQABAIAAAAAAAP///yH5BAEAAAAALAAAAAABAAEAAAIBRAA7",1186935168
"Fresho Avocado - Imported, Medium 1 pc ",1.0,₹135,₹42.63,"https://www.bigbasket.com/media/uploads/p/l/30009284_8-fresho-avocado-imported-medium.jpg?tr=w-256,q=80",1188027004
BB Royal Seeds - Green Pumpkin 100 g Pouch,1.0,₹75,₹25,"https://www.bigbasket.com/media/uploads/p/l/40018816_10-bb-royal-green-pumpkin-seeds.jpg?tr=w-256,q=80",1188027004
Fresho Banana - Robusta 1 kg ,1.0,₹59.5,₹32.61,"https://www.bigbasket.com/media/uploads/p/l/10000025_27-fresho-banana-robusta.jpg?tr=w-256,q=80",1189922093
"Fresho Tomato - Hybrid, Organically Grown 1 kg ",1.0,₹37,₹11.68,"https://www.bigbasket.com/media/uploads/p/l/50000557_6-fresho-tomato-hybrid-organically-grown.jpg?tr=w-256,q=80",1189922093
Fresho Bottle Gourd - Organically Grown 1 pc ,1.0,₹27,₹8.53,"data:image/gif;base64,R0lGODlhAQABAIAAAAAAAP///yH5BAEAAAAALAAAAAABAAEAAAIBRAA7",1189922093
Fresho Cucumber 500 g ,1.0,₹4.5,₹3.83,"data:image/gif;base64,R0lGODlhAQABAIAAAAAAAP///yH5BAEAAAAALAAAAAABAAEAAAIBRAA7",1189922093
Shakti Premium Coconut Cookies 200 g Tray,1.0,₹58.65,₹10.35,"data:image/gif;base64,R0lGODlhAQABAIAAAAAAAP///yH5BAEAAAAALAAAAAABAAEAAAIBRAA7",1189922093
Fortune  Soya Health Refined Soyabean Oil 1 L Pouch,1.0,₹134,₹16,"data:image/gif;base64,R0lGODlhAQABAIAAAAAAAP///yH5BAEAAAAALAAAAAABAAEAAAIBRAA7",1189922093
Fresho Onion - Organically Grown 1 kg ,1.0,₹27,₹8.53,"https://www.bigbasket.com/media/uploads/p/l/40023472_5-fresho-onion-organically-grown.jpg?tr=w-256,q=80",1193539967
Fresho Potato - Red 1 kg ,1.0,₹18,₹5.68,"https://www.bigbasket.com/media/uploads/p/l/40125216_3-fresho-potato-red.jpg?tr=w-256,q=80",1193539967
Fresho Potato 2 kg ,1.0,₹36.02,₹12.66,"data:image/gif;base64,R0lGODlhAQABAIAAAAAAAP///yH5BAEAAAAALAAAAAABAAEAAAIBRAA7",1193539967
Amul Fresh Cream - 25% Milk Fat Low Fat 250 ml ,1.0,₹68,0,"data:image/gif;base64,R0lGODlhAQABAIAAAAAAAP///yH5BAEAAAAALAAAAAABAAEAAAIBRAA7",1193539967
Tata Sampann Unpolished Chana Dal 500 g Pouch,1.0,₹60.8,₹3.2,"data:image/gif;base64,R0lGODlhAQABAIAAAAAAAP///yH5BAEAAAAALAAAAAABAAEAAAIBRAA7",1193539967
Fresho Banana - Robusta 1 kg ,1.09,₹76.3,₹24.1,"https://www.bigbasket.com/media/uploads/p/l/10000025_27-fresho-banana-robusta.jpg?tr=w-256,q=80",1194395019
Fresho Capsicum - Green 250 g ,1.12,₹8.96,₹2.83,"https://www.bigbasket.com/media/uploads/p/l/10000068_22-fresho-capsicum-green.jpg?tr=w-256,q=80",1194395019
Keya Shell Pasta 400 g Pouch,2.0,₹140,₹140,"data:image/gif;base64,R0lGODlhAQABAIAAAAAAAP///yH5BAEAAAAALAAAAAABAAEAAAIBRAA7",1194395019
BB Royal Organic - Maida 500 g ,1.0,₹29,₹14,"data:image/gif;base64,R0lGODlhAQABAIAAAAAAAP///yH5BAEAAAAALAAAAAABAAEAAAIBRAA7",1194395019
Fresho Onion - Organically Grown 1 kg ,1.0,₹27,₹8.53,"https://www.bigbasket.com/media/uploads/p/l/40023472_5-fresho-onion-organically-grown.jpg?tr=w-256,q=80",1198023834
"Fresho Tomato - Hybrid, Organically Grown 1 kg ",1.0,₹35,₹11.05,"https://www.bigbasket.com/media/uploads/p/l/50000557_6-fresho-tomato-hybrid-organically-grown.jpg?tr=w-256,q=80",1198023834
Fresho Potato 2 kg ,1.0,₹35,₹22.89,"data:image/gif;base64,R0lGODlhAQABAIAAAAAAAP///yH5BAEAAAAALAAAAAABAAEAAAIBRAA7",1198023834
Fresho Bottle Gourd 1 pc  (Approx. 500 g - 800 g),2.0,₹30,₹38.42,"data:image/gif;base64,R0lGODlhAQABAIAAAAAAAP///yH5BAEAAAAALAAAAAABAAEAAAIBRAA7",1198023834
Genteel Matic Liquid Detergent - For Top Load Washing 2 kg Pouch,1.0,₹297.5,₹52.5,"data:image/gif;base64,R0lGODlhAQABAIAAAAAAAP///yH5BAEAAAAALAAAAAABAAEAAAIBRAA7",1198023834
Yakult Probiotic Fermented Health Drink 65 ml Pouch (Pack of 5),1.0,₹80,0,"data:image/gif;base64,R0lGODlhAQABAIAAAAAAAP///yH5BAEAAAAALAAAAAABAAEAAAIBRAA7",1198023834
Rajdhani Chana Sattu 500 g Packet,1.0,₹68,₹12,"data:image/gif;base64,R0lGODlhAQABAIAAAAAAAP///yH5BAEAAAAALAAAAAABAAEAAAIBRAA7",1198023834
"Fresho Palak - Cleaned, without roots 250 g ",1.0,₹16,₹5.05,"https://www.bigbasket.com/media/uploads/p/l/20000979_12-fresho-palak-cleaned-without-roots.jpg?tr=w-256,q=80",1203844540
"Fresho Pumpkin - Red, Organically Grown 1 kg ",1.02,₹51,₹16.11,"https://www.bigbasket.com/media/uploads/p/l/50000541_5-fresho-pumpkin-red-organically-grown.jpg?tr=w-256,q=80",1203844540
Fresho Bottle Gourd 1 pc  (Approx. 500 g - 800 g),2.0,₹30,₹38.42,"data:image/gif;base64,R0lGODlhAQABAIAAAAAAAP///yH5BAEAAAAALAAAAAABAAEAAAIBRAA7",1203844540
"Britannia Jim Jam Cream Biscuit - Crunchy, Ready To Eat 138 g ",3.0,₹94.77,₹10.23,"data:image/gif;base64,R0lGODlhAQABAIAAAAAAAP///yH5BAEAAAAALAAAAAABAAEAAAIBRAA7",1203844540
Cadbury Oreo Strawberry Flavour Crème Sandwich Biscuit 113.75 g ,3.0,₹86.94,₹18.06,"data:image/gif;base64,R0lGODlhAQABAIAAAAAAAP///yH5BAEAAAAALAAAAAABAAEAAAIBRAA7",1203844540
"Amul Cheese Slices - Rich In Protein, Wholesome, No Added Sugar 750 g Pouch (50 Slices)",1.0,₹425,0,"https://www.bigbasket.com/media/uploads/p/l/229136_3-amul-cheese-slices.jpg?tr=w-256,q=80",1209412269
English Oven Burger Bun 300 g Pouch,1.0,₹45,0,"https://www.bigbasket.com/media/uploads/p/l/70001174_9-english-oven-burger-bun.jpg?tr=w-256,q=80",1209412269
Fresho Banana - Robusta 1 kg ,1.05,₹60.9,₹19.24,"https://www.bigbasket.com/media/uploads/p/l/10000025_27-fresho-banana-robusta.jpg?tr=w-256,q=80",1210990283
Fresho Cabbage - Organically Grown 1 pc (approx. 300-1.3 Kg) ,1.0,₹24,₹7.58,"https://www.bigbasket.com/media/uploads/p/l/40023473_5-fresho-cabbage-organically-grown.jpg?tr=w-256,q=80",1210990283
Fresho Pumpkin Green - Cut 500 g ,1.0,₹27,₹8.53,"data:image/gif;base64,R0lGODlhAQABAIAAAAAAAP///yH5BAEAAAAALAAAAAABAAEAAAIBRAA7",1210990283
Fresho Garlic 250 g ,1.04,₹46.8,₹24.36,"data:image/gif;base64,R0lGODlhAQABAIAAAAAAAP///yH5BAEAAAAALAAAAAABAAEAAAIBRAA7",1210990283
Fresho Ginger 250 g ,1.04,₹84.24,₹83.39,"data:image/gif;base64,R0lGODlhAQABAIAAAAAAAP///yH5BAEAAAAALAAAAAABAAEAAAIBRAA7",1210990283
Fresho Bottle Gourd - Organically Grown 1 pc ,1.0,₹30,₹9.47,"data:image/gif;base64,R0lGODlhAQABAIAAAAAAAP///yH5BAEAAAAALAAAAAABAAEAAAIBRAA7",1210990283
"Fresho Farm Eggs - Regular, Medium, Antibiotic Residue-Free 6 pcs ",1.0,₹44,₹46,"data:image/gif;base64,R0lGODlhAQABAIAAAAAAAP///yH5BAEAAAAALAAAAAABAAEAAAIBRAA7",1210990283
Real 100% Apple Juice - With No Added Sugar &amp; Preservatives 1 L ,1.0,₹106.95,₹48.05,"data:image/gif;base64,R0lGODlhAQABAIAAAAAAAP///yH5BAEAAAAALAAAAAABAAEAAAIBRAA7",1210990283
Fresho Banana - Robusta 1 kg ,1.09,₹63.22,₹19.97,"https://www.bigbasket.com/media/uploads/p/l/10000025_27-fresho-banana-robusta.jpg?tr=w-256,q=80",1213619936
Fresho Coconut - Diced 150 g ,1.0,₹39,₹50.47,"https://www.bigbasket.com/media/uploads/p/l/40019379_5-fresho-coconut-diced.jpg?tr=w-256,q=80",1213619936
Fresho Cauliflower 1 pc  (approx. 400 to 600 g),1.0,₹36,₹11.37,"data:image/gif;base64,R0lGODlhAQABAIAAAAAAAP///yH5BAEAAAAALAAAAAABAAEAAAIBRAA7",1213619936
Fresho Bottle Gourd - Organically Grown 1 pc ,1.0,₹20,₹6.32,"data:image/gif;base64,R0lGODlhAQABAIAAAAAAAP///yH5BAEAAAAALAAAAAABAAEAAAIBRAA7",1213619936
Fresho Frozen Green Peas 500 g Pouch,1.0,₹109,₹26,"data:image/gif;base64,R0lGODlhAQABAIAAAAAAAP///yH5BAEAAAAALAAAAAABAAEAAAIBRAA7",1213619936
"Fresho Chicken Breast - Boneless, Antibiotic Residue-Free, 2- 4 pcs 500 g ",1.0,₹259,₹91,"data:image/gif;base64,R0lGODlhAQABAIAAAAAAAP///yH5BAEAAAAALAAAAAABAAEAAAIBRAA7",1213619936
Fresho Cucumber 500 g ,1.03,₹13.39,₹10.33,"https://www.bigbasket.com/media/uploads/p/l/10000103_16-fresho-cucumber.jpg?tr=w-256,q=80",1217590564
Budweiser 0.0 Non-Alcoholic Beer 330 ml Can,1.0,₹72,₹18,"https://www.bigbasket.com/media/uploads/p/l/40174619_4-budweiser-00-non-alcoholic-beer.jpg?tr=w-256,q=80",1217590564
Yakult Probiotic Fermented Health Drink 65 ml Pouch (Pack of 5),1.0,₹80,0,"data:image/gif;base64,R0lGODlhAQABAIAAAAAAAP///yH5BAEAAAAALAAAAAABAAEAAAIBRAA7",1217590564
"Fresho Chilli - Green, Organically Grown 100 g ",1.13,₹7.91,₹2.5,"https://www.bigbasket.com/media/uploads/p/l/50000511_8-fresho-chilli-green-organically-grown.jpg?tr=w-256,q=80",1223055602
"Fresho Pumpkin - Red, Organically Grown 1 kg ",1.18,₹59,₹18.63,"https://www.bigbasket.com/media/uploads/p/l/50000541_5-fresho-pumpkin-red-organically-grown.jpg?tr=w-256,q=80",1223055602
Fresho Lettuce - Iceberg 1 pc  (Approx. 250g-500g),1.0,₹38,₹12,"data:image/gif;base64,R0lGODlhAQABAIAAAAAAAP///yH5BAEAAAAALAAAAAABAAEAAAIBRAA7",1223055602
Venkys Chicken - Burger Patty 500 g ,2.0,₹610,0,"data:image/gif;base64,R0lGODlhAQABAIAAAAAAAP///yH5BAEAAAAALAAAAAABAAEAAAIBRAA7",1223055602
English Oven Burger Bun 300 g Pouch,1.0,₹45,0,"data:image/gif;base64,R0lGODlhAQABAIAAAAAAAP///yH5BAEAAAAALAAAAAABAAEAAAIBRAA7",1223055602
"Britannia Gobbles Bar Cake - Fruity Fun, Soft &amp; Fluffy Snack 110 g ",1.0,₹30,0,"data:image/gif;base64,R0lGODlhAQABAIAAAAAAAP///yH5BAEAAAAALAAAAAABAAEAAAIBRAA7",1223055602
Sunfeast Caker - Trinity With Choco 23 g ,6.0,₹51.3,₹8.7,"data:image/gif;base64,R0lGODlhAQABAIAAAAAAAP///yH5BAEAAAAALAAAAAABAAEAAAIBRAA7",1223055602
BB Royal Chilli - Guntur with Stem 100 g ,1.0,₹51,₹19,"data:image/gif;base64,R0lGODlhAQABAIAAAAAAAP///yH5BAEAAAAALAAAAAABAAEAAAIBRAA7",1223055602
Fresho Cucumber - Organically Grown 250 g ,1.29,₹11.29,₹4.18,"https://www.bigbasket.com/media/uploads/p/l/50000490_5-fresho-cucumber-organically-grown.jpg?tr=w-256,q=80",1225743591
Fresho Raw Mango 250 g ,1.5,₹20.17,₹7.46,"https://www.bigbasket.com/media/uploads/p/l/40004384_13-fresho-raw-mango.jpg?tr=w-256,q=80",1225743591
Fresho Parwal 1 kg ,1.03,₹78.28,₹28.95,"data:image/gif;base64,R0lGODlhAQABAIAAAAAAAP///yH5BAEAAAAALAAAAAABAAEAAAIBRAA7",1225743591
Fresho Potato 1 kg ,1.01,₹22.73,₹9.1,"data:image/gif;base64,R0lGODlhAQABAIAAAAAAAP///yH5BAEAAAAALAAAAAABAAEAAAIBRAA7",1225743591
Fresho Lemon - Organically Grown 100 g ,1.01,₹13.13,₹4.86,"data:image/gif;base64,R0lGODlhAQABAIAAAAAAAP///yH5BAEAAAAALAAAAAABAAEAAAIBRAA7",1225743591
VADILAL Cookies 'N' Cream Ice Cream 700 ml  (Buy 1 Get 1 Free),1.0,₹280,0,"https://www.bigbasket.com/media/uploads/p/l/40194037_2-vadilal-cookies-n-cream-ice-cream.jpg?tr=w-256,q=80",1230908744
Fresho Sponge Gourd 500 g ,1.07,₹21.4,₹7.92,"https://www.bigbasket.com/media/uploads/p/l/30000584_6-fresho-sponge-gourd.jpg?tr=w-256,q=80",1240169658
Fresho Ladies’ Fingers - Organically Grown 1 kg ,1.02,₹46.92,₹17.35,"https://www.bigbasket.com/media/uploads/p/l/50000524_6-fresho-ladies-finger-organically-grown.jpg?tr=w-256,q=80",1240169658
Chings Secret Green Chilli Sauce 190 g Bottle,1.0,₹55.2,₹4.8,"data:image/gif;base64,R0lGODlhAQABAIAAAAAAAP///yH5BAEAAAAALAAAAAABAAEAAAIBRAA7",1240169658
Nescafe  Classic 100% Pure Instant Coffee 45 g Pouch,1.0,₹157,₹3,"data:image/gif;base64,R0lGODlhAQABAIAAAAAAAP///yH5BAEAAAAALAAAAAABAAEAAAIBRAA7",1240169658
Mother Dairy Cream - UHT 1 L Carton,0.0,₹0,0,"data:image/gif;base64,R0lGODlhAQABAIAAAAAAAP///yH5BAEAAAAALAAAAAABAAEAAAIBRAA7",1240169658
Tata Sampann Unpolished Chana Dal 1 kg Pouch,1.0,₹119,₹6,"data:image/gif;base64,R0lGODlhAQABAIAAAAAAAP///yH5BAEAAAAALAAAAAABAAEAAAIBRAA7",1240169658
Fresho Banana - Robusta 1 kg ,1.11,₹64.38,₹23.81,"https://www.bigbasket.com/media/uploads/p/l/10000025_27-fresho-banana-robusta.jpg?tr=w-256,q=80",1240857249
Fresho Onion - Organically Grown 1 kg ,1.0,₹35,₹12.95,"https://www.bigbasket.com/media/uploads/p/l/40023472_5-fresho-onion-organically-grown.jpg?tr=w-256,q=80",1240857249
"Fresho Tomato - Local, Organically Grown 1 kg ",1.01,₹54.54,₹20.17,"data:image/gif;base64,R0lGODlhAQABAIAAAAAAAP///yH5BAEAAAAALAAAAAABAAEAAAIBRAA7",1240857249
"Fresho Chilli - Green, Organically Grown 100 g ",1.17,₹11.7,₹4.33,"data:image/gif;base64,R0lGODlhAQABAIAAAAAAAP///yH5BAEAAAAALAAAAAABAAEAAAIBRAA7",1240857249
Fresho Potato 1 kg ,1.0,₹21,₹10.4,"data:image/gif;base64,R0lGODlhAQABAIAAAAAAAP///yH5BAEAAAAALAAAAAABAAEAAAIBRAA7",1240857249
GoodDiet Multigrain Energy Bar Cashews &amp; Orange 38 g ,1.0,₹25,₹15,"data:image/gif;base64,R0lGODlhAQABAIAAAAAAAP///yH5BAEAAAAALAAAAAABAAEAAAIBRAA7",1240857249
English Oven Burger Bun 300 g Pouch,1.0,₹45,0,"data:image/gif;base64,R0lGODlhAQABAIAAAAAAAP///yH5BAEAAAAALAAAAAABAAEAAAIBRAA7",1240857249
Mother Dairy Cream - UHT 1 L Carton,1.0,₹230,0,"data:image/gif;base64,R0lGODlhAQABAIAAAAAAAP///yH5BAEAAAAALAAAAAABAAEAAAIBRAA7",1240857249
Fresho Parwal 1 kg ,1.05,₹74.55,₹27.57,"https://www.bigbasket.com/media/uploads/p/l/10000365_12-fresho-parwal.jpg?tr=w-256,q=80",1247166259
Fresho Bottle Gourd 1 pc  (Approx. 500 g - 800 g),1.0,₹23.5,₹18.97,"https://www.bigbasket.com/media/uploads/p/l/20000745_5-fresho-bottle-gourd.jpg?tr=w-256,q=80",1247166259
Fresho Cabbage 1 pc  (approx. 500 g to 800 g),1.0,₹17,₹10.4,"data:image/gif;base64,R0lGODlhAQABAIAAAAAAAP///yH5BAEAAAAALAAAAAABAAEAAAIBRAA7",1247166259
Fresho Onion 1 kg ,1.0,₹31,₹11.47,"data:image/gif;base64,R0lGODlhAQABAIAAAAAAAP///yH5BAEAAAAALAAAAAABAAEAAAIBRAA7",1247166259
"Amul Cheese Slices - Rich In Protein, Wholesome, No Added Sugar 750 g Pouch (50 Slices)",1.0,₹425,0,"data:image/gif;base64,R0lGODlhAQABAIAAAAAAAP///yH5BAEAAAAALAAAAAABAAEAAAIBRAA7",1247166259
English Oven Bread - Multigrain 400 g Pouch,1.0,₹65,0,"data:image/gif;base64,R0lGODlhAQABAIAAAAAAAP///yH5BAEAAAAALAAAAAABAAEAAAIBRAA7",1247166259
Fresho Cucumber 500 g ,1.08,₹24.84,₹18.07,"https://www.bigbasket.com/media/uploads/p/l/10000103_16-fresho-cucumber.jpg?tr=w-256,q=80",1261387361
"Britannia 50-50 Timepass Classic Salted Biscuit - Light, Crispy, Ready To Eat 66 g ",6.0,₹57,₹3,"https://www.bigbasket.com/media/uploads/p/l/40025063_12-britannia-50-50-timepass-salted-biscuits.jpg?tr=w-256,q=80",1261387361
Britannia Treat Crazy Pineapple Cream Biscuit - Ready To Eat 50 g ,6.0,₹60,0,"data:image/gif;base64,R0lGODlhAQABAIAAAAAAAP///yH5BAEAAAAALAAAAAABAAEAAAIBRAA7",1261387361
Fresho Pomegranate 4 pcs  (Approx. 800 g - 880 g),1.0,₹147,₹54.37,"https://www.bigbasket.com/media/uploads/p/l/10000269_32-fresho-pomegranate.jpg?tr=w-256,q=80",1272130547
Fresho Bottle Gourd 1 pc  (Approx. 500 g - 800 g),1.0,₹39,₹14.42,"https://www.bigbasket.com/media/uploads/p/l/20000745_5-fresho-bottle-gourd.jpg?tr=w-256,q=80",1272130547
"Tops White Vinegar - Synthetic, Fine Quality, For Cooking, Marination 610 ml HDPE Bottle",1.0,₹65,0,"data:image/gif;base64,R0lGODlhAQABAIAAAAAAAP///yH5BAEAAAAALAAAAAABAAEAAAIBRAA7",1272130547
"Scotch brite Sponge Wipes for kitchen cleaning, Re-usable Absorbent and Surface Cleaner 1 pc ",1.0,₹70,₹5,"data:image/gif;base64,R0lGODlhAQABAIAAAAAAAP///yH5BAEAAAAALAAAAAABAAEAAAIBRAA7",1272130547
BB Home Naphthalene Balls 200 g Pouch,1.0,₹76,₹14,"data:image/gif;base64,R0lGODlhAQABAIAAAAAAAP///yH5BAEAAAAALAAAAAABAAEAAAIBRAA7",1272130547
Mother Dairy Curd 1 kg Pouch,1.0,₹67,₹5,"data:image/gif;base64,R0lGODlhAQABAIAAAAAAAP///yH5BAEAAAAALAAAAAABAAEAAAIBRAA7",1272130547
BB Popular Moong Dal 2 kg Pouch,1.0,₹264,₹116,"data:image/gif;base64,R0lGODlhAQABAIAAAAAAAP///yH5BAEAAAAALAAAAAABAAEAAAIBRAA7",1272130547
Fresho Banana - Robusta 1 kg ,1.08,₹71.82,₹30.26,"https://www.bigbasket.com/media/uploads/p/l/10000025_27-fresho-banana-robusta.jpg?tr=w-256,q=80",1274725746
Fresho Sponge Gourd 500 g ,1.16,₹30.16,₹11.16,"https://www.bigbasket.com/media/uploads/p/l/30000584_6-fresho-sponge-gourd.jpg?tr=w-256,q=80",1274725746
"Fresho Chilli - Green, Organically Grown 100 g ",1.04,₹20.28,₹10.11,"data:image/gif;base64,R0lGODlhAQABAIAAAAAAAP///yH5BAEAAAAALAAAAAABAAEAAAIBRAA7",1274725746
Fresho Potato 2 kg ,1.0,₹49,₹40.04,"data:image/gif;base64,R0lGODlhAQABAIAAAAAAAP///yH5BAEAAAAALAAAAAABAAEAAAIBRAA7",1274725746
Fresho Bottle Gourd 1 pc  (Approx. 500 g - 800 g),1.0,₹27,₹30.53,"data:image/gif;base64,R0lGODlhAQABAIAAAAAAAP///yH5BAEAAAAALAAAAAABAAEAAAIBRAA7",1274725746
Fresho Beetroot - Organically Grown 250 g ,1.41,₹25.38,₹9.39,"data:image/gif;base64,R0lGODlhAQABAIAAAAAAAP///yH5BAEAAAAALAAAAAABAAEAAAIBRAA7",1274725746
Parle Gluco Biscuits - Parle-G 800 g Pouch,1.0,₹81.5,₹8.5,"data:image/gif;base64,R0lGODlhAQABAIAAAAAAAP///yH5BAEAAAAALAAAAAABAAEAAAIBRAA7",1274725746
"BB Royal Oats - Natural Wholegrain, Nutritious Breakfast Cereals, Poha, Easy To Cook 1 kg ",1.0,₹149,₹50,"data:image/gif;base64,R0lGODlhAQABAIAAAAAAAP///yH5BAEAAAAALAAAAAABAAEAAAIBRAA7",1274725746
"Fresho Farm Eggs - Regular, Medium, Antibiotic Residue-Free 6 pcs ",1.0,₹46,₹44,"data:image/gif;base64,R0lGODlhAQABAIAAAAAAAP///yH5BAEAAAAALAAAAAABAAEAAAIBRAA7",1274725746
English Oven Bread - Multigrain 400 g Pouch,1.0,₹65,0,"data:image/gif;base64,R0lGODlhAQABAIAAAAAAAP///yH5BAEAAAAALAAAAAABAAEAAAIBRAA7",1274725746
BB Royal Organic - Maida 1 kg ,1.0,₹54,₹31,"data:image/gif;base64,R0lGODlhAQABAIAAAAAAAP///yH5BAEAAAAALAAAAAABAAEAAAIBRAA7",1274725746
Fresho Banana - Robusta 500 g ,1.19,₹39.27,₹19.42,"https://www.bigbasket.com/media/uploads/p/l/10000027_28-fresho-banana-robusta.jpg?tr=w-256,q=80",1276959818
Yakult Probiotic Fermented Health Drink 65 ml Pouch (Pack of 5),1.0,₹80,0,"https://www.bigbasket.com/media/uploads/p/l/292620_13-yakult-probiotic-health-drink.jpg?tr=w-256,q=80",1276959818
Amul Fresh Cream - 25% Milk Fat Low Fat 250 ml ,1.0,₹68,0,"data:image/gif;base64,R0lGODlhAQABAIAAAAAAAP///yH5BAEAAAAALAAAAAABAAEAAAIBRAA7",1276959818
"BB Royal Cashew - Premium, Whole, Low Cholestrol, High Protein 500 g  Standy Ziplock Pouch",1.0,₹499,₹501,"data:image/gif;base64,R0lGODlhAQABAIAAAAAAAP///yH5BAEAAAAALAAAAAABAAEAAAIBRAA7",1276959818
Fresho Garlic 100 g ,1.19,₹23.8,₹12.07,"https://www.bigbasket.com/media/uploads/p/l/10000114_17-fresho-garlic.jpg?tr=w-256,q=80",1280381691
Fresho Ginger 250 g ,1.02,₹44.37,₹16.41,"https://www.bigbasket.com/media/uploads/p/l/10000118_18-fresho-ginger.jpg?tr=w-256,q=80",1280381691
"Godrej Expert Rich Creme Hair Colour - Natural Brown, Long-Lasting, 100% Grey Coverage, No Ammonia 24 ml Sachet",2.0,₹28.2,₹1.8,"data:image/gif;base64,R0lGODlhAQABAIAAAAAAAP///yH5BAEAAAAALAAAAAABAAEAAAIBRAA7",1280381691
English Oven Burger Bun 300 g Pouch,1.0,₹40.5,₹4.5,"data:image/gif;base64,R0lGODlhAQABAIAAAAAAAP///yH5BAEAAAAALAAAAAABAAEAAAIBRAA7",1280381691
"Catch Turmeric/Haldi Powder - Exotic, Pure Spices, For Cooking 500 g Pouch",1.0,₹132.6,₹37.4,"data:image/gif;base64,R0lGODlhAQABAIAAAAAAAP///yH5BAEAAAAALAAAAAABAAEAAAIBRAA7",1280381691
Everest Sambhar Masala 100 g Carton,1.0,₹76,0,"data:image/gif;base64,R0lGODlhAQABAIAAAAAAAP///yH5BAEAAAAALAAAAAABAAEAAAIBRAA7",1280381691
BB Popular Kabuli Chana 500 g Pouch,1.0,₹73.5,₹46.5,"data:image/gif;base64,R0lGODlhAQABAIAAAAAAAP///yH5BAEAAAAALAAAAAABAAEAAAIBRAA7",1280381691
BB Royal Kashmiri Rajma 200 g Pouch,1.0,₹36,₹4,"data:image/gif;base64,R0lGODlhAQABAIAAAAAAAP///yH5BAEAAAAALAAAAAABAAEAAAIBRAA7",1280381691
Fresho Potato 1 kg ,1.0,₹27.2,₹12.8,"https://www.bigbasket.com/media/uploads/p/l/40204131_3-fresho-potato-hasan.jpg?tr=w-256,q=80",1282454819
"Fresho Pumpkin - Red, Organically Grown 1 kg ",1.02,₹56.59,₹20.93,"https://www.bigbasket.com/media/uploads/p/l/50000541_5-fresho-pumpkin-red-organically-grown.jpg?tr=w-256,q=80",1282454819
Fresho Tender Coconut 1 pc ,1.0,₹60,₹44,"data:image/gif;base64,R0lGODlhAQABAIAAAAAAAP///yH5BAEAAAAALAAAAAABAAEAAAIBRAA7",1282454819
Fresho Coconut - Medium 1 pc  (approx. 450g to 500),1.0,₹38.69,₹14.31,"data:image/gif;base64,R0lGODlhAQABAIAAAAAAAP///yH5BAEAAAAALAAAAAABAAEAAAIBRAA7",1282454819
Real 100% Apple Juice - With No Added Sugar &amp; Preservatives 1 L ,1.0,₹106.95,₹48.05,"data:image/gif;base64,R0lGODlhAQABAIAAAAAAAP///yH5BAEAAAAALAAAAAABAAEAAAIBRAA7",1282454819
Mother Dairy Classic Dahi 80 g Cup,2.0,₹20,0,"data:image/gif;base64,R0lGODlhAQABAIAAAAAAAP///yH5BAEAAAAALAAAAAABAAEAAAIBRAA7",1282454819
BB Royal Vermicelli 400 g ,1.0,₹35,₹15,"https://www.bigbasket.com/media/uploads/p/l/40202439_5-bb-royal-vermicelli.jpg?tr=w-256,q=80",1282889300
Disano Pastalicious Penne - 100% Durum Wheat Semolina 400 g ,2.0,₹99,₹161,"https://www.bigbasket.com/media/uploads/p/l/40281674_3-disano-pastalicious-penne-100-durum-wheat-semolina.jpg?tr=w-256,q=80",1282889300
BB Royal Kalonji/Mangraila 100 g ,1.0,₹51,₹29,"data:image/gif;base64,R0lGODlhAQABAIAAAAAAAP///yH5BAEAAAAALAAAAAABAAEAAAIBRAA7",1282889300
BB Popular Ajwain - Whole 100 g ,1.0,₹49,₹1,"data:image/gif;base64,R0lGODlhAQABAIAAAAAAAP///yH5BAEAAAAALAAAAAABAAEAAAIBRAA7",1282889300
Cadbury Oreo Vanilla Flavour Creme Sandwich Biscuit 918.75 g  (7 Packs x 131.25 g Each),1.0,₹195,₹105,"https://www.bigbasket.com/media/uploads/p/l/40260443_7-cadbury-oreo-chocolatey-sandwich-biscuit-crunchy-vanilla-flavour-mega-family-pack.jpg?tr=w-256,q=80",1282455139
Real Fruit Power Juice - Grape 1 L ,1.0,₹114,₹11,"https://www.bigbasket.com/media/uploads/p/l/229928_4-real-fruit-power-juice-grapes.jpg?tr=w-256,q=80",1282455139
Fresho Onion - Organically Grown 1 kg ,1.0,₹49.64,₹18.36,"https://www.bigbasket.com/media/uploads/p/l/40023472_5-fresho-onion-organically-grown.jpg?tr=w-256,q=80",1285871557
Fresho Bottle Gourd 1 pc  (Approx. 500 g - 800 g),1.0,₹23.5,₹16.5,"https://www.bigbasket.com/media/uploads/p/l/20000745_5-fresho-bottle-gourd.jpg?tr=w-256,q=80",1285871557
Fresho Ginger 250 g ,1.08,₹33.9,₹12.54,"data:image/gif;base64,R0lGODlhAQABAIAAAAAAAP///yH5BAEAAAAALAAAAAABAAEAAAIBRAA7",1285871557
Fresho Cucumber 500 g ,1.16,₹20.88,₹16.24,"data:image/gif;base64,R0lGODlhAQABAIAAAAAAAP///yH5BAEAAAAALAAAAAABAAEAAAIBRAA7",1285871557
Fresho Bitter Gourd 500 g ,1.06,₹32.86,₹12.72,"data:image/gif;base64,R0lGODlhAQABAIAAAAAAAP///yH5BAEAAAAALAAAAAABAAEAAAIBRAA7",1285871557
Fresho Cabbage 1 pc  (approx. 500 g to 800 g),1.0,₹45.5,₹23.5,"data:image/gif;base64,R0lGODlhAQABAIAAAAAAAP///yH5BAEAAAAALAAAAAABAAEAAAIBRAA7",1285871557
Godrej Yummiez Yummiez Green Peas 1 kg Pouch,1.0,₹182,₹98,"data:image/gif;base64,R0lGODlhAQABAIAAAAAAAP///yH5BAEAAAAALAAAAAABAAEAAAIBRAA7",1285871557
Amul India Single Origin Milk Chocolate 125 g Paper Carton,1.0,₹80,₹80,"data:image/gif;base64,R0lGODlhAQABAIAAAAAAAP///yH5BAEAAAAALAAAAAABAAEAAAIBRAA7",1285871557
Amul Dark Chocolate- 55% Rich In Cocoa 150 g Carton,1.0,₹110,0,"data:image/gif;base64,R0lGODlhAQABAIAAAAAAAP///yH5BAEAAAAALAAAAAABAAEAAAIBRAA7",1285871557
Mother Dairy Curd 1 kg Pouch,1.0,₹72,0,"data:image/gif;base64,R0lGODlhAQABAIAAAAAAAP///yH5BAEAAAAALAAAAAABAAEAAAIBRAA7",1285871557
"Fresho Mix Greens - Kale, Roquette, Swiss Chard, Hydroponically Grown 200 g ",1.0,₹133.59,₹49.41,"https://www.bigbasket.com/media/uploads/p/l/40211695_1-fresho-mix-greens-kale-rocket-swiss-chard-hydroponically-grown.jpg?tr=w-256,q=80",1287888921
Cadbury Oreo Vanilla Flavour Creme Sandwich Biscuit 918.75 g  (7 Packs x 131.25 g Each),2.0,₹420,₹180,"https://www.bigbasket.com/media/uploads/p/l/40260443_7-cadbury-oreo-chocolatey-sandwich-biscuit-crunchy-vanilla-flavour-mega-family-pack.jpg?tr=w-256,q=80",1287888921
"Sofy Anti-Bacteria Sanitary Pad - Extra-Long, Prevents Leakage, Slim 48 pcs ",1.0,₹343.14,₹55.86,"data:image/gif;base64,R0lGODlhAQABAIAAAAAAAP///yH5BAEAAAAALAAAAAABAAEAAAIBRAA7",1287888921
English Oven Bread - Brown 400 g Pouch,1.0,₹40.5,₹4.5,"data:image/gif;base64,R0lGODlhAQABAIAAAAAAAP///yH5BAEAAAAALAAAAAABAAEAAAIBRAA7",1287888921
Fresho Parwal 500 g ,1.0,₹31,₹17,"https://www.bigbasket.com/media/uploads/p/l/10000366_11-fresho-parwal.jpg?tr=w-256,q=80",1289783974
Fresho Carrot - Ooty 500 g ,1.1,₹32.92,₹12.18,"https://www.bigbasket.com/media/uploads/p/l/10000271_14-fresho-carrot-ooty.jpg?tr=w-256,q=80",1289783974
Fresho Bottle Gourd 1 pc  (Approx. 500 g - 800 g),1.0,₹17,₹22,"data:image/gif;base64,R0lGODlhAQABAIAAAAAAAP///yH5BAEAAAAALAAAAAABAAEAAAIBRAA7",1289783974
Fresho Bitter Gourd 500 g ,1.07,₹24.61,₹21.4,"data:image/gif;base64,R0lGODlhAQABAIAAAAAAAP///yH5BAEAAAAALAAAAAABAAEAAAIBRAA7",1289783974
Fresho Cabbage 1 pc  (approx. 500 g to 800 g),1.0,₹45.5,₹18.5,"data:image/gif;base64,R0lGODlhAQABAIAAAAAAAP///yH5BAEAAAAALAAAAAABAAEAAAIBRAA7",1289783974
"Fresho Brinjal - Purple, Bharta 1 kg ",1.09,₹49.33,₹18.25,"data:image/gif;base64,R0lGODlhAQABAIAAAAAAAP///yH5BAEAAAAALAAAAAABAAEAAAIBRAA7",1289783974
"Fresho Farm Eggs - Regular, Medium, Antibiotic Residue-Free 6 pcs ",1.0,₹46,₹44,"data:image/gif;base64,R0lGODlhAQABAIAAAAAAAP///yH5BAEAAAAALAAAAAABAAEAAAIBRAA7",1289783974
Tata Salt Vacuum Evaporated Iodised Salt - Helps Mental Development 1 kg Pouch,1.0,₹24,₹4,"data:image/gif;base64,R0lGODlhAQABAIAAAAAAAP///yH5BAEAAAAALAAAAAABAAEAAAIBRAA7",1289783974
"Fresho Chicken Breast - Boneless, Antibiotic Residue-Free, 1 To 2 pcs 250 g ",1.0,₹219,₹105,"https://www.bigbasket.com/media/uploads/p/l/10000901_10-fresho-chicken-breast-boneless-antibiotic-residue-free.jpg?tr=w-256,q=80",1291234992
BB Popular Sugar 1 kg ,1.0,₹48,₹7,"https://www.bigbasket.com/media/uploads/p/l/40019396_11-bb-popular-sugar.jpg?tr=w-256,q=80",1291234992
Yakult Probiotic Fermented Health Drink 65 ml Pouch (Pack of 5),1.0,₹73,₹7,"https://www.bigbasket.com/media/uploads/p/l/292620_13-yakult-probiotic-health-drink.jpg?tr=w-256,q=80",1291222361
English Oven Burger Bun 300 g Pouch,1.0,₹40.5,₹4.5,"https://www.bigbasket.com/media/uploads/p/l/70001174_9-english-oven-burger-bun.jpg?tr=w-256,q=80",1291222361
Fresho Pure Ghee 1 L ,1.0,₹699,₹101,"data:image/gif;base64,R0lGODlhAQABAIAAAAAAAP///yH5BAEAAAAALAAAAAABAAEAAAIBRAA7",1291222361
Fresho Banana - Robusta 1 kg ,1.04,₹61.36,₹45.76,"https://www.bigbasket.com/media/uploads/p/l/10000025_27-fresho-banana-robusta.jpg?tr=w-256,q=80",1296903377
"Fresho Tomato - Local, Organically Grown 1 kg ",1.0,₹49.64,₹18.36,"https://www.bigbasket.com/media/uploads/p/l/40130385_3-fresho-tomato-local-organically-grown.jpg?tr=w-256,q=80",1296903377
Fresho Mini Orange Imported 500 g ,0.81,₹124.76,₹46.15,"data:image/gif;base64,R0lGODlhAQABAIAAAAAAAP///yH5BAEAAAAALAAAAAABAAEAAAIBRAA7",1296903377
Fresho Ladies' Fingers 1 kg ,1.0,₹35.04,₹12.96,"data:image/gif;base64,R0lGODlhAQABAIAAAAAAAP///yH5BAEAAAAALAAAAAABAAEAAAIBRAA7",1296903377
Fresho Coriander 1 pc 1 pc  (approx. 80-100g),1.0,₹15.33,₹5.67,"data:image/gif;base64,R0lGODlhAQABAIAAAAAAAP///yH5BAEAAAAALAAAAAABAAEAAAIBRAA7",1296903377
Fresho Onion 1 kg ,1.0,₹51.1,₹18.9,"data:image/gif;base64,R0lGODlhAQABAIAAAAAAAP///yH5BAEAAAAALAAAAAABAAEAAAIBRAA7",1296903377
"Fresho Chicken - Biryani Cut, Soft &amp; Tender, 10 To 12 pcs 500 g ",1.0,₹175,₹84,"data:image/gif;base64,R0lGODlhAQABAIAAAAAAAP///yH5BAEAAAAALAAAAAABAAEAAAIBRAA7",1296903377
Yakult Probiotic Fermented Health Drink 65 ml Pouch (Pack of 5),1.0,₹80,0,"data:image/gif;base64,R0lGODlhAQABAIAAAAAAAP///yH5BAEAAAAALAAAAAABAAEAAAIBRAA7",1296903377
Fresho Cucumber - Organically Grown 250 g ,1.33,₹23.3,₹8.62,"https://www.bigbasket.com/media/uploads/p/l/50000490_5-fresho-cucumber-organically-grown.jpg?tr=w-256,q=80",1300871387
Fresho Banana - Robusta 1 kg ,1.06,₹62.54,₹49.82,"https://www.bigbasket.com/media/uploads/p/l/10000025_27-fresho-banana-robusta.jpg?tr=w-256,q=80",1300871387
Fresho Ladies' Fingers 1 kg ,1.09,₹29.44,₹10.89,"data:image/gif;base64,R0lGODlhAQABAIAAAAAAAP///yH5BAEAAAAALAAAAAABAAEAAAIBRAA7",1300871387
Fresho Potato 1 kg ,1.0,₹26.28,₹9.72,"data:image/gif;base64,R0lGODlhAQABAIAAAAAAAP///yH5BAEAAAAALAAAAAABAAEAAAIBRAA7",1300871387
Fresho Bottle Gourd 1 pc  (Approx. 500 g - 800 g),1.0,₹33.58,₹12.42,"data:image/gif;base64,R0lGODlhAQABAIAAAAAAAP///yH5BAEAAAAALAAAAAABAAEAAAIBRAA7",1300871387
Cadbury Oreo Chocolate Flavour Creme Sandwich Biscuit 288.75 g  (3 Packs x 96.25 g Each),2.0,₹158.46,₹39.54,"data:image/gif;base64,R0lGODlhAQABAIAAAAAAAP///yH5BAEAAAAALAAAAAABAAEAAAIBRAA7",1300871387
Mountain Dew Soft Drink 250 ml Can,1.0,₹35,0,"data:image/gif;base64,R0lGODlhAQABAIAAAAAAAP///yH5BAEAAAAALAAAAAABAAEAAAIBRAA7",1300871387
Sofit  Soya Chocolate Flavour Drink 180 ml ,2.0,₹67.2,₹2.8,"data:image/gif;base64,R0lGODlhAQABAIAAAAAAAP///yH5BAEAAAAALAAAAAABAAEAAAIBRAA7",1300871387
Mother Dairy Curd 1 kg Pouch,1.0,₹72,0,"data:image/gif;base64,R0lGODlhAQABAIAAAAAAAP///yH5BAEAAAAALAAAAAABAAEAAAIBRAA7",1300871387
BB Royal Organic - Chia Seeds 100 g ,1.0,₹54,₹53,"data:image/gif;base64,R0lGODlhAQABAIAAAAAAAP///yH5BAEAAAAALAAAAAABAAEAAAIBRAA7",1300871387
Fortune  Premium Kachi Ghani Pure Mustard Oil 500 ml Bottle,1.0,₹75.59,₹23.41,"data:image/gif;base64,R0lGODlhAQABAIAAAAAAAP///yH5BAEAAAAALAAAAAABAAEAAAIBRAA7",1300871387
Sensodyne PASTE SENSITIVITY GUM 14g ,1.0,₹0,₹20,"https://www.bigbasket.com/media/uploads/p/l/40299548_1-sensodyne-paste-sensitivity-gum.jpg?tr=w-256,q=80",1302905156
Sofit  Soya Vanilla Flavour Drink 1 L Tetra,2.0,₹276.82,₹33.18,"https://www.bigbasket.com/media/uploads/p/l/274920_16-sofit-soya-drink-vanilla.jpg?tr=w-256,q=80",1302905156
Fortune  Chakki Fresh Atta - 100% Atta 0% Maida 10 kg ,1.0,₹382.52,₹72.48,"data:image/gif;base64,R0lGODlhAQABAIAAAAAAAP///yH5BAEAAAAALAAAAAABAAEAAAIBRAA7",1302905156
"Fresho Chilli - Green, Organically Grown 100 g ",1.13,₹14.85,₹5.49,"https://www.bigbasket.com/media/uploads/p/l/50000511_8-fresho-chilli-green-organically-grown.jpg?tr=w-256,q=80",1303561277
Fresho Bottle Gourd 1 pc  (Approx. 500 g - 800 g),1.0,₹16.5,₹27.5,"https://www.bigbasket.com/media/uploads/p/l/20000745_5-fresho-bottle-gourd.jpg?tr=w-256,q=80",1303561277
Fresho Coriander 1 pc 1 pc  (approx. 80-100g),1.0,₹23.36,₹8.64,"data:image/gif;base64,R0lGODlhAQABAIAAAAAAAP///yH5BAEAAAAALAAAAAABAAEAAAIBRAA7",1303561277
Mountain Dew Soft Drink 250 ml Can,1.0,₹35,0,"data:image/gif;base64,R0lGODlhAQABAIAAAAAAAP///yH5BAEAAAAALAAAAAABAAEAAAIBRAA7",1303561277
Budweiser 0.0 Non-Alcoholic Beer 330 ml Can,1.0,₹99,0,"data:image/gif;base64,R0lGODlhAQABAIAAAAAAAP///yH5BAEAAAAALAAAAAABAAEAAAIBRAA7",1303561277
Mother Dairy Fresh Paneer 200 g Pouch,1.0,₹95,0,"data:image/gif;base64,R0lGODlhAQABAIAAAAAAAP///yH5BAEAAAAALAAAAAABAAEAAAIBRAA7",1303561277
BB Popular Sugar 1 kg ,1.0,₹48,₹7,"data:image/gif;base64,R0lGODlhAQABAIAAAAAAAP///yH5BAEAAAAALAAAAAABAAEAAAIBRAA7",1303561277
BB Royal Maida 1 kg Pouch,1.0,₹46,₹19,"data:image/gif;base64,R0lGODlhAQABAIAAAAAAAP///yH5BAEAAAAALAAAAAABAAEAAAIBRAA7",1303561277
Fresho Banana - Robusta 1 kg ,1.05,₹61.95,₹44.49,"https://www.bigbasket.com/media/uploads/p/l/10000025_27-fresho-banana-robusta.jpg?tr=w-256,q=80",1308347352
Fresho Lettuce - Romaine 100 to 150 g ,1.0,₹28,₹10.36,"https://www.bigbasket.com/media/uploads/p/l/40016096_2-fresho-lettuce-romaine.jpg?tr=w-256,q=80",1308347352
Fresho Bitter Gourd 500 g ,0.99,₹35.64,₹13.19,"data:image/gif;base64,R0lGODlhAQABAIAAAAAAAP///yH5BAEAAAAALAAAAAABAAEAAAIBRAA7",1308347352
Fresho Papaya - Raw 1 pc  Approx. 500g-700g,1.0,₹29,₹10.73,"data:image/gif;base64,R0lGODlhAQABAIAAAAAAAP///yH5BAEAAAAALAAAAAABAAEAAAIBRAA7",1308347352
"Venkys Burger Patty - Chicken, Jumbo 450 g Pouch",1.0,₹275,0,"data:image/gif;base64,R0lGODlhAQABAIAAAAAAAP///yH5BAEAAAAALAAAAAABAAEAAAIBRAA7",1308347352
Cadbury Oreo Vanilla Flavour Crème Sandwich Biscuit - Jumbo Pack 481.25 g  (5 Packs x 96.25 g Each),1.0,₹119.27,₹39.73,"data:image/gif;base64,R0lGODlhAQABAIAAAAAAAP///yH5BAEAAAAALAAAAAABAAEAAAIBRAA7",1308347352
Cadbury Oreo Chocolate Flavour Creme Sandwich Biscuit 481.25 g  (5 Packs x 96.25 g Each),1.0,₹119.27,₹39.73,"data:image/gif;base64,R0lGODlhAQABAIAAAAAAAP///yH5BAEAAAAALAAAAAABAAEAAAIBRAA7",1308347352
Fresho Mosambi - Economy 1 kg ,1.06,₹81.25,₹30.05,"https://www.bigbasket.com/media/uploads/p/l/40203347_2-fresho-mosambi-economy.jpg?tr=w-256,q=80",1310917976
Fresho Bottle Gourd 1 pc  (Approx. 500 g - 800 g),1.0,₹19,₹25,"https://www.bigbasket.com/media/uploads/p/l/20000745_5-fresho-bottle-gourd.jpg?tr=w-256,q=80",1310917976
Fresho Garlic 250 g ,1.04,₹25.05,₹9.27,"data:image/gif;base64,R0lGODlhAQABAIAAAAAAAP///yH5BAEAAAAALAAAAAABAAEAAAIBRAA7",1310917976
Fresho Ginger 250 g ,1.0,₹38.69,₹14.31,"data:image/gif;base64,R0lGODlhAQABAIAAAAAAAP///yH5BAEAAAAALAAAAAABAAEAAAIBRAA7",1310917976
"Tata Tea Agni Special Blend Tea - 10% Extra Strong Leaves, Perfect Aroma &amp; Taste 500 g Pack",1.0,₹115,0,"data:image/gif;base64,R0lGODlhAQABAIAAAAAAAP///yH5BAEAAAAALAAAAAABAAEAAAIBRAA7",1310917976
Sofit  Soya Naturally Sugar Free Drink 1 L Tetra,1.0,₹127.1,₹27.9,"data:image/gif;base64,R0lGODlhAQABAIAAAAAAAP///yH5BAEAAAAALAAAAAABAAEAAAIBRAA7",1310917976
Yakult Probiotic Fermented Health Drink 65 ml Pouch (Pack of 5),1.0,₹80,0,"data:image/gif;base64,R0lGODlhAQABAIAAAAAAAP///yH5BAEAAAAALAAAAAABAAEAAAIBRAA7",1310917976
English Oven Burger Bun 300 g Pouch,1.0,₹45,₹5,"data:image/gif;base64,R0lGODlhAQABAIAAAAAAAP///yH5BAEAAAAALAAAAAABAAEAAAIBRAA7",1310917976
BB Royal Seeds - Green Pumpkin 100 g Pouch,1.0,₹80,₹20,"data:image/gif;base64,R0lGODlhAQABAIAAAAAAAP///yH5BAEAAAAALAAAAAABAAEAAAIBRAA7",1310917976
BB Royal Organic - Flax Seeds 200 g ,1.0,₹31,₹19,"data:image/gif;base64,R0lGODlhAQABAIAAAAAAAP///yH5BAEAAAAALAAAAAABAAEAAAIBRAA7",1310917976
Shri Manav Herbal Neem Patti Powder 100 g ,1.0,₹65,0,"https://www.bigbasket.com/media/uploads/p/l/40306361_2-shri-manav-herbal-neem-patti-powder.jpg?tr=w-256,q=80",1310917974
Fresho Fresho Pomegranate Regular 1 kg  (5-6 pcs per kg),1.1,₹328.9,₹182.6,"https://www.bigbasket.com/media/uploads/p/l/40120006_6-fresho-pomegranate-small.jpg?tr=w-256,q=80",1316038730
Fresho Bottle Gourd 1 pc  (Approx. 500 g - 800 g),1.0,₹23,₹27,"https://www.bigbasket.com/media/uploads/p/l/20000745_5-fresho-bottle-gourd.jpg?tr=w-256,q=80",1316038730
Cadbury Oreo Vanilla Flavour Crème Sandwich Biscuit - Jumbo Pack 481.25 g  (5 Packs x 96.25 g Each),1.0,₹111.3,₹47.7,"data:image/gif;base64,R0lGODlhAQABAIAAAAAAAP///yH5BAEAAAAALAAAAAABAAEAAAIBRAA7",1316038730
Dabur Chyawanprakash - Sugar Free 500 g Jar,0.0,₹0,0,"data:image/gif;base64,R0lGODlhAQABAIAAAAAAAP///yH5BAEAAAAALAAAAAABAAEAAAIBRAA7",1316038730
"Fresho Radish - White, With Leaves 500 g ",1.0,₹40.15,₹14.85,"https://www.bigbasket.com/media/uploads/p/l/40300934_1-fresho-radish-white-with-leaves.jpg?tr=w-256,q=80",1317365649
Fresho Potato - Organically Grown 1 kg ,1.0,₹45,₹38,"https://www.bigbasket.com/media/uploads/p/l/40023476_5-fresho-potato-organically-grown.jpg?tr=w-256,q=80",1317365649
Fresho Carrot - Ooty 500 g ,1.03,₹18.54,₹30.9,"data:image/gif;base64,R0lGODlhAQABAIAAAAAAAP///yH5BAEAAAAALAAAAAABAAEAAAIBRAA7",1317365649
Fresho Ginger - Organically Grown 100 g ,1.24,₹28.06,₹10.38,"data:image/gif;base64,R0lGODlhAQABAIAAAAAAAP///yH5BAEAAAAALAAAAAABAAEAAAIBRAA7",1317365649
Fresho Bottle Gourd - Organically Grown 1 pc ,1.0,₹31.39,₹11.61,"data:image/gif;base64,R0lGODlhAQABAIAAAAAAAP///yH5BAEAAAAALAAAAAABAAEAAAIBRAA7",1317365649
Chings Secret Green Chilli Sauce 190 g Bottle,1.0,₹54.6,₹5.4,"data:image/gif;base64,R0lGODlhAQABAIAAAAAAAP///yH5BAEAAAAALAAAAAABAAEAAAIBRAA7",1317365649
MAGGI  Rich Tomato Ketchup - Made With Real Tomatoes 970 g Bottle,1.0,₹136,₹24,"data:image/gif;base64,R0lGODlhAQABAIAAAAAAAP///yH5BAEAAAAALAAAAAABAAEAAAIBRAA7",1317365649
Cadbury Chocobakes Choc Filled Cookies 20 g ,1.0,₹0,₹10,"data:image/gif;base64,R0lGODlhAQABAIAAAAAAAP///yH5BAEAAAAALAAAAAABAAEAAAIBRAA7",1317365649
Mother Dairy Curd 400 g Pouch,1.0,₹34,0,"data:image/gif;base64,R0lGODlhAQABAIAAAAAAAP///yH5BAEAAAAALAAAAAABAAEAAAIBRAA7",1317365649
Tata Sampann Unpolished Kala Chana 1 kg Pouch,1.0,₹115,₹15,"data:image/gif;base64,R0lGODlhAQABAIAAAAAAAP///yH5BAEAAAAALAAAAAABAAEAAAIBRAA7",1317365649
"Knorr Hot &amp; Sour Cup A Soup - 100% Real Vegetables, No Added Preservatives 10.5 g ",1.0,₹10,0,"https://www.bigbasket.com/media/uploads/p/l/40076755_5-knorr-cup-a-soup-hot-sour-veg.jpg?tr=w-256,q=80",1319557005
"Knorr Manchow Cup A Soup - 100% Real Vegetables, No Added Preservatives 11 g ",1.0,₹10,0,"https://www.bigbasket.com/media/uploads/p/l/40076754_5-knorr-cup-a-soup-manchow-veg.jpg?tr=w-256,q=80",1319557005
Knorr Classic Chicken Delite Soup 42 g ,1.0,₹70,0,"data:image/gif;base64,R0lGODlhAQABAIAAAAAAAP///yH5BAEAAAAALAAAAAABAAEAAAIBRAA7",1319557005
Knorr Mixed Vegetable Cup A Soup - No Added Preservatives 9.5 g ,1.0,₹10,0,"data:image/gif;base64,R0lGODlhAQABAIAAAAAAAP///yH5BAEAAAAALAAAAAABAAEAAAIBRAA7",1319557005
Knorr Instant Sweet Corn Cup-A-Soup 9.5 g ,1.0,₹10,0,"data:image/gif;base64,R0lGODlhAQABAIAAAAAAAP///yH5BAEAAAAALAAAAAABAAEAAAIBRAA7",1319557005
"Amul Dark Chocolate - Single Origin, India 125 g ",1.0,₹80,₹80,"data:image/gif;base64,R0lGODlhAQABAIAAAAAAAP///yH5BAEAAAAALAAAAAABAAEAAAIBRAA7",1319557005
"Knorr Tomato Chatpata Cup A Soup - 100% Real Vegetables, No Added Preservatives 13.5 g ",1.0,₹10,0,"data:image/gif;base64,R0lGODlhAQABAIAAAAAAAP///yH5BAEAAAAALAAAAAABAAEAAAIBRAA7",1319557005
Knorr International Shanghai Hot &amp; Sour Chicken Soup 36 g ,1.0,₹75,0,"data:image/gif;base64,R0lGODlhAQABAIAAAAAAAP///yH5BAEAAAAALAAAAAABAAEAAAIBRAA7",1319557005
Real Activ 100% Mixed Fruit Juice - With No Added Sugar &amp; No Added Preservatives 1 L ,1.0,₹105,₹50,"data:image/gif;base64,R0lGODlhAQABAIAAAAAAAP///yH5BAEAAAAALAAAAAABAAEAAAIBRAA7",1319557005
Real 100% Apple Juice - With No Added Sugar &amp; Preservatives 1 L ,2.0,₹209.62,₹100.38,"data:image/gif;base64,R0lGODlhAQABAIAAAAAAAP///yH5BAEAAAAALAAAAAABAAEAAAIBRAA7",1319557005
Fresho Coconut - Medium 1 pc  (approx. 450g to 500),1.0,₹36.5,₹13.5,"https://www.bigbasket.com/media/uploads/p/l/10000093_16-fresho-coconut-medium.jpg?tr=w-256,q=80",1321943189
"Fresho Farm Eggs - Regular, Medium, Antibiotic Residue-Free 6 pcs ",1.0,₹54,₹36,"https://www.bigbasket.com/media/uploads/p/l/281204_9-fresho-farm-eggs-regular-medium-antibiotic-residue-free.jpg?tr=w-256,q=80",1321943189
Aashirvaad Atta with Multigrains - High Fibre 10 kg ,1.0,₹562.8,₹107.2,"data:image/gif;base64,R0lGODlhAQABAIAAAAAAAP///yH5BAEAAAAALAAAAAABAAEAAAIBRAA7",1321943189
Fortune  Sun Lite - Sunflower Refined Oil 1 L Pouch,1.0,₹129.1,₹5.9,"data:image/gif;base64,R0lGODlhAQABAIAAAAAAAP///yH5BAEAAAAALAAAAAABAAEAAAIBRAA7",1321943189
"Fresho Tomato - Local, Organically Grown 1 kg ",1.05,₹39.09,₹14.46,"https://www.bigbasket.com/media/uploads/p/l/40130385_3-fresho-tomato-local-organically-grown.jpg?tr=w-256,q=80",1322553903
Fresho Carrot - Ooty 500 g ,0.54,₹19.71,₹7.29,"https://www.bigbasket.com/media/uploads/p/l/10000271_14-fresho-carrot-ooty.jpg?tr=w-256,q=80",1322553903
Fresho Onion 1 kg ,1.0,₹46.72,₹17.28,"data:image/gif;base64,R0lGODlhAQABAIAAAAAAAP///yH5BAEAAAAALAAAAAABAAEAAAIBRAA7",1322553903
Cadbury Oreo Vanilla Flavour Creme Sandwich Biscuit 918.75 g  (7 Packs x 131.25 g Each),1.0,₹210,₹90,"data:image/gif;base64,R0lGODlhAQABAIAAAAAAAP///yH5BAEAAAAALAAAAAABAAEAAAIBRAA7",1322553903
Real Fruit Power Juice - Cranberry 1 L ,1.0,₹120,₹10,"data:image/gif;base64,R0lGODlhAQABAIAAAAAAAP///yH5BAEAAAAALAAAAAABAAEAAAIBRAA7",1322553903
Amul Fresh Cream - 25% Milk Fat Low Fat 250 ml ,1.0,₹67,₹1,"data:image/gif;base64,R0lGODlhAQABAIAAAAAAAP///yH5BAEAAAAALAAAAAABAAEAAAIBRAA7",1322553903
"Catch Red Chilli/Lal Mirchi Powder - Exotic, Pure Spices, For Cooking 500 g Pouch",1.0,₹247.5,₹82.5,"data:image/gif;base64,R0lGODlhAQABAIAAAAAAAP///yH5BAEAAAAALAAAAAABAAEAAAIBRAA7",1322553903
"Fresho Tomato - Local, Organically Grown 1 kg ",1.01,₹37.6,₹13.91,"https://www.bigbasket.com/media/uploads/p/l/40130385_3-fresho-tomato-local-organically-grown.jpg?tr=w-256,q=80",1325488071
Fresho Potato 2 kg ,1.0,₹46,₹24,"https://www.bigbasket.com/media/uploads/p/l/40288897_2-fresho-potato-good-supply-of-carbohydrates.jpg?tr=w-256,q=80",1325488071
Fresho Bottle Gourd 1 pc  (Approx. 500 g - 800 g),1.0,₹25.5,₹28.5,"data:image/gif;base64,R0lGODlhAQABAIAAAAAAAP///yH5BAEAAAAALAAAAAABAAEAAAIBRAA7",1325488071
Fresho Onion 1 kg ,1.0,₹46.72,₹17.28,"data:image/gif;base64,R0lGODlhAQABAIAAAAAAAP///yH5BAEAAAAALAAAAAABAAEAAAIBRAA7",1325488071
Fresho Frozen Green Peas 1 Kg Slider Zip Standy Pouch,1.0,₹190,₹50,"data:image/gif;base64,R0lGODlhAQABAIAAAAAAAP///yH5BAEAAAAALAAAAAABAAEAAAIBRAA7",1325488071
Yakult Probiotic Fermented Health Drink 65 ml Pouch (Pack of 5),1.0,₹80,0,"data:image/gif;base64,R0lGODlhAQABAIAAAAAAAP///yH5BAEAAAAALAAAAAABAAEAAAIBRAA7",1325488071
Sofit  Soya Chocolate Flavour Drink 1 L Tetra,2.0,₹250.32,₹59.68,"data:image/gif;base64,R0lGODlhAQABAIAAAAAAAP///yH5BAEAAAAALAAAAAABAAEAAAIBRAA7",1325488071
Fresho Pineapple 1 pc  800 g -1000 g,1.0,₹90.52,₹33.48,"https://www.bigbasket.com/media/uploads/p/l/10000156_21-fresho-pineapple.jpg?tr=w-256,q=80",1327299033
Fresho Bitter Gourd 500 g ,1.08,₹40.21,₹14.87,"https://www.bigbasket.com/media/uploads/p/l/10000049_20-fresho-bitter-gourd.jpg?tr=w-256,q=80",1327299033
Fresho Cabbage 1 pc  (approx. 500 g to 800 g),1.0,₹44.53,₹16.47,"data:image/gif;base64,R0lGODlhAQABAIAAAAAAAP///yH5BAEAAAAALAAAAAABAAEAAAIBRAA7",1327299033
Amul Malai Fresh Paneer 1 kg Pouch,1.0,₹415,0,"data:image/gif;base64,R0lGODlhAQABAIAAAAAAAP///yH5BAEAAAAALAAAAAABAAEAAAIBRAA7",1327299033
Budweiser 0.0 Non Alcoholic Green Apple Beer - Refreshing Flavour 330 ml Can,1.0,₹90,0,"https://www.bigbasket.com/media/uploads/p/l/40239289_2-budweiser-00-non-alcoholic-green-apple-beer-refreshing-flavour.jpg?tr=w-256,q=80",1327299034
Fresho Bottle Gourd 1 pc  (Approx. 500 g - 800 g),1.0,₹25,₹32,"https://www.bigbasket.com/media/uploads/p/l/20000745_5-fresho-bottle-gourd.jpg?tr=w-256,q=80",1329491117
McCain Veggie Burger Patty 360 g Pouch,1.0,₹135,0,"https://www.bigbasket.com/media/uploads/p/l/258181_9-mccain-veggie-burger-patty.jpg?tr=w-256,q=80",1329491117
"Venkys Burger Patty - Chicken, Jumbo 450 g Pouch",1.0,₹275,0,"data:image/gif;base64,R0lGODlhAQABAIAAAAAAAP///yH5BAEAAAAALAAAAAABAAEAAAIBRAA7",1329491117
Sunfeast Dark Fantasy Sandwich Creme Biscuits - Vanilla 277.5 g  (3 pcs x 92.5 g),1.0,₹50,₹50,"data:image/gif;base64,R0lGODlhAQABAIAAAAAAAP///yH5BAEAAAAALAAAAAABAAEAAAIBRAA7",1329491117
Sunfeast Dark Fantasy Sandwich Creme Biscuits - Dark Crunch With Choco Creme 277.5 g  (3 pcs x 92.5 g),1.0,₹50,₹50,"data:image/gif;base64,R0lGODlhAQABAIAAAAAAAP///yH5BAEAAAAALAAAAAABAAEAAAIBRAA7",1329491117
BB Popular Sugar 5 kg ,1.0,₹240,₹35,"data:image/gif;base64,R0lGODlhAQABAIAAAAAAAP///yH5BAEAAAAALAAAAAABAAEAAAIBRAA7",1329491117
Fresho Banana - Robusta 1 kg ,1.06,₹72.61,₹36.57,"https://www.bigbasket.com/media/uploads/p/l/10000025_27-fresho-banana-robusta.jpg?tr=w-256,q=80",1330695626
Fresho Lettuce - Romaine 100 to 150 g ,1.0,₹32.12,₹11.88,"https://www.bigbasket.com/media/uploads/p/l/40016096_2-fresho-lettuce-romaine.jpg?tr=w-256,q=80",1330695626
Fresho Ladies' Fingers 1 kg ,1.03,₹45.32,₹24.72,"data:image/gif;base64,R0lGODlhAQABAIAAAAAAAP///yH5BAEAAAAALAAAAAABAAEAAAIBRAA7",1330695626
Fresho Ginger - Organically Grown 250 g ,1.1,₹56.21,₹20.79,"data:image/gif;base64,R0lGODlhAQABAIAAAAAAAP///yH5BAEAAAAALAAAAAABAAEAAAIBRAA7",1330695626
Fresho Garlic 250 g ,0.99,₹67.93,₹25.13,"data:image/gif;base64,R0lGODlhAQABAIAAAAAAAP///yH5BAEAAAAALAAAAAABAAEAAAIBRAA7",1330695626
Fresho Onion 1 kg ,1.0,₹60,₹32,"data:image/gif;base64,R0lGODlhAQABAIAAAAAAAP///yH5BAEAAAAALAAAAAABAAEAAAIBRAA7",1330695626
Yakult Probiotic Fermented Health Drink 65 ml Pouch (Pack of 5),1.0,₹80,0,"data:image/gif;base64,R0lGODlhAQABAIAAAAAAAP///yH5BAEAAAAALAAAAAABAAEAAAIBRAA7",1330695626
"Amul Cheese Slices - Rich In Protein, Wholesome, No Added Sugar 200 g Pouch (10 Slices)",1.0,₹132,₹13,"data:image/gif;base64,R0lGODlhAQABAIAAAAAAAP///yH5BAEAAAAALAAAAAABAAEAAAIBRAA7",1330695626
English Oven Burger Bun 300 g Pouch,1.0,₹50,0,"data:image/gif;base64,R0lGODlhAQABAIAAAAAAAP///yH5BAEAAAAALAAAAAABAAEAAAIBRAA7",1330695626
"Catch Ginger Garlic/Adrak Lehsun Paste - Thick &amp; Grainy, No Artificial Colours 200 g Pouch",1.0,₹35,₹15,"data:image/gif;base64,R0lGODlhAQABAIAAAAAAAP///yH5BAEAAAAALAAAAAABAAEAAAIBRAA7",1330695626
"Yoga Bar Multigrain Energy Bar - Chocolate Chunk Nut, Healthy, High In Protein &amp; Fibre 38 g ",5.0,₹200,0,"https://www.bigbasket.com/media/uploads/p/l/30012170_10-yoga-bar-multigrain-energy-bar-chocolate-chunk-nut.jpg?tr=w-256,q=80",1330198794
"Fresho Chicken Breast - Boneless, Antibiotic Residue-Free, 4 To 6 pcs 1 kg ",1.0,₹499,₹163,"https://www.bigbasket.com/media/uploads/p/l/10001001_7-fresho-chicken-breast-boneless-antibiotic-residue-free.jpg?tr=w-256,q=80",1330198794
Fresho Cauliflower 1 pc  (approx. 400 to 600 g),1.0,₹24.09,₹8.91,"https://www.bigbasket.com/media/uploads/p/l/10000074_19-fresho-cauliflower.jpg?tr=w-256,q=80",1334656507
Fresho Ladies' Fingers 1 kg ,1.04,₹45.76,₹21.84,"https://www.bigbasket.com/media/uploads/p/l/10000142_17-fresho-ladies-finger.jpg?tr=w-256,q=80",1334656507
Fresho Bottle Gourd 1 pc  (Approx. 500 g - 800 g),1.0,₹32,₹18,"data:image/gif;base64,R0lGODlhAQABAIAAAAAAAP///yH5BAEAAAAALAAAAAABAAEAAAIBRAA7",1334656507
Sunfeast Dark Fantasy Bourbon Biscuits 120 g ,1.0,₹17.89,₹17.11,"data:image/gif;base64,R0lGODlhAQABAIAAAAAAAP///yH5BAEAAAAALAAAAAABAAEAAAIBRAA7",1334656507
Sunfeast Dark Fantasy Sandwich Creme Biscuits - Dark Crunch With Choco Creme 277.5 g  (3 pcs x 92.5 g),2.0,₹100,₹100,"data:image/gif;base64,R0lGODlhAQABAIAAAAAAAP///yH5BAEAAAAALAAAAAABAAEAAAIBRAA7",1334656507
"Amul Dark Chocolate - Single Origin, India 125 g ",2.0,₹160,₹160,"data:image/gif;base64,R0lGODlhAQABAIAAAAAAAP///yH5BAEAAAAALAAAAAABAAEAAAIBRAA7",1334656507
"Fresho Farm Eggs - Regular, Medium, Antibiotic Residue-Free 6 pcs ",1.0,₹58,₹32,"data:image/gif;base64,R0lGODlhAQABAIAAAAAAAP///yH5BAEAAAAALAAAAAABAAEAAAIBRAA7",1334656507
Budweiser 0.0 Non-Alcoholic Beer 330 ml Can,1.0,₹99,0,"data:image/gif;base64,R0lGODlhAQABAIAAAAAAAP///yH5BAEAAAAALAAAAAABAAEAAAIBRAA7",1334656507
Budweiser 0.0 Non Alcoholic Green Apple Beer - Refreshing Flavour 330 ml Can,1.0,₹90,0,"data:image/gif;base64,R0lGODlhAQABAIAAAAAAAP///yH5BAEAAAAALAAAAAABAAEAAAIBRAA7",1334656507
BB Royal Besan Fine/Barik - 100% Chana Dal Besan 500 g ,1.0,₹48.5,₹26.5,"data:image/gif;base64,R0lGODlhAQABAIAAAAAAAP///yH5BAEAAAAALAAAAAABAAEAAAIBRAA7",1334656507
"BB Royal Atta Sharbati MP Whole Wheat - Rotis Stay Softer For Longer, Fortified 10 kg Pouch",1.0,₹487.5,₹162.5,"https://www.bigbasket.com/media/uploads/p/l/40189429_4-bb-royal-superior-mp-sharbati-atta-fortified.jpg?tr=w-256,q=80",1337276457
Fortune  Premium Kachi Ghani Pure Mustard Oil 1 L Pouch,1.0,₹138.6,₹21.4,"data:image/gif;base64,R0lGODlhAQABAIAAAAAAAP///yH5BAEAAAAALAAAAAABAAEAAAIBRAA7",1337276457
